{"columns":[2,3,4,5,6],"index":[50,134,240,359,486,620,759,903,1050,1201,1354,1510,1668,1829,1992,2156,2322,2490,2659,2830,3002,3175,3350,3526,3703,3881,4060,4240,4421,4603,4786,4969,5153,5338,5524,5711,5898,6086,6275,6464,6654,6845,7036,7228,7420,7613,7807,8001,8196,8391,8587,8783,8980,9177,9375,9573,9772,9971,10170,10370,10570,10771,10972,11174,11376,11578,11781,11984,12187,12391,12595,12800,13005,13210,13416,13622,13828,14035,14242,14449,14656,14864,15072,15280,15489,15698,15907,16117,16327,16537,16747,16958,17169,17380,17592,17804,18016,18228,18441,18654,18867,19080,19294,19508,19722,19936,20150,20365,20580,20795,21010,21226,21442,21658,21874,22090,22307,22524,22741,22958,23176,23394,23612,23830,24048,24267,24486,24705,24924,25143,25363,25583,25803,26023,26243,26463,26684,26905,27126,27347,27568,27790,28012,28234,28456,28678,28900,29123,29346,29569,29792,30015,30238,30462,30686,30910,31134,31358,31582,31806,32031,32256,32481,32706,32931,33156,33382,33608,33834,34060,34286,34512,34738,34965,35192,35419,35646,35873,36100,36327,36555,36783,37011,37239,37467,37695,37923,38151,38380,38609,38838,39067,39296,39525,39754,39983,40213,40443,40673,40903,41133,41363,41593,41823,42054,42285,42516,42747,42978,43209,43440,43671,43903,44135,44367,44599,44831,45063,45295,45527,45759,45992,46225,46458,46691,46924,47157,47390,47623,47856,48089,48323,48557,48791,49025,49259,49493,49727,49961],"data":[[0.000038,0.00006975,0.00008775,0.00008775,0.000111],[0.00005225,0.0000675,0.0001465,0.00012775,0.0001355],[0.000092,0.00009975,0.00011425,0.00014375,0.000144],[0.00020425,0.0001985,0.00018675,0.00018875,0.0001935],[0.000305,0.0003335,0.00028575,0.00024775,0.00027425],[0.000477,0.000463,0.00040975,0.00038125,0.00034275],[0.0007035,0.000581,0.000482,0.000492,0.0004965],[0.00090425,0.00082125,0.00066875,0.00066225,0.00057525],[0.00128075,0.0010235,0.000937,0.0009825,0.00084925],[0.00175375,0.001282,0.00111575,0.00151975,0.0012515],[0.0023125,0.0015625,0.00137275,0.00146125,0.00138],[0.00259125,0.002249,0.00169175,0.00181575,0.002595],[0.00310175,0.002785,0.0024525,0.0022975,0.0020265],[0.00419,0.00288325,0.0027395,0.00258725,0.00262175],[0.0046405,0.0036,0.00365575,0.00300825,0.0029575],[0.00534925,0.003949,0.00386775,0.0035145,0.003579],[0.00598575,0.00485225,0.00509875,0.00460075,0.0045705],[0.006916,0.00595925,0.005485,0.00459725,0.005287],[0.00755325,0.006453,0.00594075,0.005673,0.00546725],[0.0094815,0.00677525,0.00663575,0.006164,0.00630275],[0.010734,0.008877,0.00809075,0.0072235,0.007299],[0.01223675,0.00902225,0.00811175,0.008309,0.00798575],[0.01149675,0.010137,0.009594,0.00956,0.00914675],[0.01412175,0.01155475,0.00979125,0.01033625,0.009222],[0.01573175,0.0118695,0.01244325,0.01269775,0.0109955],[0.01698925,0.01300475,0.0106695,0.01212725,0.01249525],[0.0185805,0.01404475,0.01371175,0.013743,0.01320575],[0.0220555,0.015295,0.0168965,0.0145435,0.01296825],[0.02135725,0.017365,0.01650025,0.01482275,0.014763],[0.02592325,0.01731925,0.0174435,0.0173575,0.01568975],[0.02577325,0.0174225,0.017315,0.016349,0.017608],[0.02875925,0.02125425,0.018795,0.01800525,0.01835225],[0.03426225,0.02156725,0.020584,0.01989975,0.01892125],[0.03270975,0.0257675,0.02343825,0.01888675,0.0192635],[0.03364425,0.027152,0.0244435,0.02390275,0.0214925],[0.03572225,0.02906425,0.023776,0.0251845,0.02370725],[0.03689675,0.02832875,0.02786475,0.0242155,0.0255665],[0.041317,0.032279,0.02713625,0.02606625,0.024075],[0.04906175,0.0322855,0.02746825,0.0297785,0.02438825],[0.04557725,0.038403,0.0293635,0.03089075,0.0255135],[0.046412,0.04161875,0.03256725,0.03011425,0.02894025],[0.04727175,0.0473385,0.0310935,0.02931525,0.031549],[0.0496465,0.04729775,0.03265025,0.0311315,0.030593],[0.05579375,0.044163,0.0381275,0.03293925,0.029521],[0.0539345,0.04680875,0.03588625,0.03661875,0.033309],[0.05922975,0.05631075,0.0407185,0.042721,0.0355665],[0.06337425,0.06257375,0.03974675,0.04253225,0.03728875],[0.061283,0.0635825,0.04445825,0.0442025,0.038862],[0.06769675,0.06382725,0.04460875,0.04642625,0.04130925],[0.0714745,0.06731,0.04821125,0.0491805,0.04358275],[0.07292175,0.07295275,0.0552775,0.0450165,0.04382075],[0.08433525,0.07798075,0.0560275,0.0501105,0.0427065],[0.08076575,0.07805325,0.05432275,0.048012,0.048526],[0.092142,0.07554825,0.05422825,0.050611,0.04614],[0.0970285,0.076671,0.0584815,0.05143475,0.05752725],[0.09574925,0.079036,0.061741,0.05951775,0.05676125],[0.09950425,0.07838525,0.061016,0.0710105,0.0555435],[0.10595025,0.0797825,0.07245425,0.065206,0.056651],[0.117128,0.0826195,0.06711875,0.06514675,0.0599445],[0.1239475,0.0838115,0.07708475,0.06298575,0.068746],[0.118806,0.09758425,0.07564025,0.07944925,0.06358125],[0.1181145,0.08854325,0.088924,0.07077325,0.064525],[0.11876475,0.1076615,0.0811295,0.071673,0.078282],[0.1319585,0.102853,0.08190325,0.08523375,0.06909825],[0.1334775,0.09798025,0.105901,0.08671875,0.08003525],[0.1370805,0.12056475,0.09357425,0.084669,0.0763175],[0.15666875,0.114132,0.10262925,0.0899105,0.082149],[0.150778,0.11700275,0.1047125,0.093359,0.08499425],[0.167308,0.1058405,0.1063805,0.09749675,0.10523075],[0.14652,0.12164075,0.1053705,0.112337,0.08549375],[0.165562,0.1315355,0.11355825,0.092721,0.1108185],[0.1747445,0.13435025,0.121447,0.11964825,0.0916725],[0.18117775,0.1509015,0.1168995,0.1042155,0.121401],[0.1732945,0.14688625,0.1153645,0.13425525,0.0958925],[0.1924985,0.1611075,0.123685,0.1055905,0.12803825],[0.1930515,0.15706775,0.1247175,0.12061425,0.11231075],[0.2140335,0.145647,0.134298,0.14720675,0.1178765],[0.2075005,0.16607525,0.12573075,0.127676,0.149388],[0.20075575,0.17053425,0.138832,0.120068,0.12142425],[0.2163615,0.18003725,0.13400625,0.134006,0.14441025],[0.214961,0.1721545,0.1406305,0.128017,0.1459085],[0.222466,0.1694155,0.16941725,0.12942175,0.12271075],[0.261121,0.16216025,0.152296,0.1329275,0.12308275],[0.2318165,0.1768345,0.171627,0.13580925,0.12742475],[0.2316515,0.1884525,0.1611705,0.14318675,0.1188985],[0.23838475,0.198534,0.185732,0.1377175,0.15437075],[0.26552525,0.20378675,0.17359275,0.1708195,0.13763975],[0.25992375,0.22940825,0.17927225,0.16687625,0.15767025],[0.2767165,0.21243675,0.201123,0.16871,0.1603255],[0.279493,0.2184455,0.18601175,0.194125,0.168684],[0.292106,0.241448,0.19244775,0.1766945,0.18690675],[0.30651175,0.23646375,0.221746,0.1788265,0.167901],[0.32257475,0.23433375,0.21864475,0.17849975,0.17425625],[0.31196925,0.24513425,0.23859075,0.18957625,0.18734275],[0.3180475,0.2508235,0.2362955,0.193257,0.2078965],[0.33307375,0.2464305,0.24433475,0.22147525,0.1822],[0.33799425,0.282184,0.2295435,0.23531625,0.2197765],[0.3238115,0.29282425,0.2565745,0.1893035,0.2449125],[0.3629845,0.27095775,0.263276,0.2055435,0.2256685],[0.36647825,0.3029405,0.2577735,0.19540875,0.2887175],[0.34723875,0.2829725,0.30153725,0.201484,0.20827975],[0.42564875,0.29089825,0.27555025,0.25222475,0.2132645],[0.400772,0.29663175,0.28535375,0.20425925,0.25519725],[0.41862925,0.30153175,0.269583,0.27765375,0.256216],[0.42724475,0.31298475,0.24281575,0.26404775,0.26368025],[0.43097225,0.285296,0.2761805,0.27562775,0.26257075],[0.417053,0.35341975,0.26010575,0.26374725,0.273189],[0.46428275,0.30189075,0.25726725,0.307508,0.24921675],[0.4420865,0.3267435,0.26577425,0.26943175,0.28065575],[0.41683475,0.32030475,0.27090425,0.2680455,0.250645],[0.4475915,0.324224,0.28571275,0.2725705,0.2503045],[0.4286205,0.33633125,0.29288,0.24809275,0.26772025],[0.45738975,0.3417765,0.27971325,0.253659,0.231736],[0.46459625,0.377877,0.27311675,0.25472125,0.242214],[0.45995275,0.38996975,0.29017525,0.26842775,0.24044925],[0.5009985,0.3783915,0.33026225,0.27147675,0.245768],[0.46908675,0.461995,0.306862,0.2683535,0.2506535],[0.473543,0.38111425,0.32776925,0.2805675,0.2633285],[0.48966275,0.482273,0.31360075,0.32898625,0.29301925],[0.50827925,0.404475,0.42669375,0.28953325,0.351058],[0.5186945,0.5027345,0.336013,0.4190915,0.278916],[0.581155,0.42191875,0.44271325,0.31030825,0.3899835],[0.52230875,0.52888375,0.380269,0.4286055,0.3147445],[0.6607775,0.46003825,0.48554075,0.349135,