{"LOOP_PARALLEL_DYNAMIC":{"x":[10,15,20,25,30,35,40,45,50,55,60,65,70,75,80,85,90,95,100,105,110,115,120,125,131,137,143,150,157,164,172,180,188,197,206,216,226,237,248,260,272,285,299,313,328,344,361,379,397,416,436,457,479,502,527,553,580,609,639,670,703,738,774,812,852,894,938,984,1033,1084,1138,1194,1253,1315,1380,1448,1520,1596,1675,1758,1845,1937,2033,2134,2240,2351,2468,2591,2720,2856,2998,3147,3304,3469,3642,3824,4015,4215,4425,4646,4878,5121,5377,5645,5927,6223,6534,6860,7202,7562,7940,8337,8753,9190,9649,10131,10637,11168,11726,12312,12927,13573,14251,14963,15711,16496,17320,18186,19095,20049,21051,22103,23208,24368,25586,26865,28208,29618,31098,32652,34284,35998,37797,39686,41670,43753,45940,48236,50647,53179,55837,58628,61559,64636,67867,71260,74822,78563,82491,86615,90945,95492,100266,105279,110542,116069,121872,127965,134363,141081,148135,155541,163318,171483,180057,189059,198511,208436,218857,229799,241288,253352,266019,279319,293284,307948,323345,339512,356487,374311,393026,412677,433310,454975,477723,501609,526689,553023,580674,609707,640192,672201,705811,741101,778156,817063,857916,900811,945851,993143,1042800,1094940,1149687,1207171,1267529,1330905,1397450,1467322,1540688,1617722,1698608,1783538,1872714,1966349,2064666,2167899,2276293,2390107,2509612,2635092,2766846,2905188,3050447,3202969,3363117,3531272,3707835,3893226,4087887,4292281,4506895,4732239,4968850,5217292,5478156,5752063,6039666,6341649,6658731,6991667,7341250,7708312,8093727,8498413,8923333,9369499,9837973,10329871,10846364,11388682,11958116,12556021,13183822,13843013,14535163,15261921,16025017,16826267,17667580,18550958,19478505,20452430,21475051,22548803,23676243,24860055,26103057,27408209,28778619,30217549,31728426,33314847,34980589,36729618,38566098,40494402,42519122,44645078,46877331,49221197],"y":[0.43051,0.4121754,0.418603,0.424314,0.4369766,0.4031812,0.4088134,0.3963608,0.3978736,0.3887536,0.4313076,0.3927784,0.4316104,0.3955784,0.3970744,0.4465604,0.5425588,0.4490166,0.4066402,0.447706,0.4016468,0.4080882,0.400334,0.4033996,0.39257,0.4018216,0.3935136,0.3875534,0.3933816,0.388968,0.4029044,0.3984692,0.415937,0.4001296,0.4101258,0.4493528,0.4302404,0.4492838,0.4630316,0.4554968,0.4084202,0.4111898,0.4120542,0.4214236,0.4231642,0.4018754,0.4396576,0.4396546,0.4161992,0.396112,0.4175778,0.4863202,0.3968722,0.4099778,0.4169682,0.4109346,0.5028044,0.4042382,0.4114666,0.4089642,0.4720518,0.4092334,0.4004822,0.4266136,0.4240364,0.569693,0.4039988,0.3943028,0.3881762,0.6548226,0.4090272,0.4077602,0.4247456,0.4219936,0.489866,0.4154346,0.5293022,0.4678462,0.4089996,0.4276684,0.4042404,0.4184264,0.4299818,0.402266,0.4174126,0.5056518,0.4056002,0.4408188,0.4198032,0.4314656,0.4142756,0.427995,0.4240704,0.4236874,0.6317376,0.4230704,0.4061796,0.4875274,0.4212256,0.433234,0.4168322,0.4359788,0.395692,0.4351178,0.4038556,0.4037962,0.4181058,0.4859066,0.4556514,0.4135256,0.4295678,0.5060116,0.3939864,0.4288794,0.4009652,0.4248328,0.406563,0.4194572,0.4884782,0.4123918,0.3982108,0.4393078,0.3966938,0.3975836,0.4185892,0.404173,0.4002364,0.4600602,0.4612844,0.4357146,0.4119696,0.4076466,0.4106364,0.45186,0.4299388,0.4287518,0.4478184,0.411901,1.1424774,0.4422026,0.4085568,0.4237722,0.4539516,0.425172,0.4065456,0.4671676,0.4474252,0.4264888,0.3987476,0.399925,0.426304,0.4704194,0.499584,0.4248258,0.4455468,0.4446112,0.457098,0.4535136,0.4418714,0.4648378,0.468634,0.4555202,0.4374284,0.4890288,0.495585,0.4731874,0.4387392,0.4521732,0.4453716,0.4967218,0.4825572,0.4621258,0.4843528,0.4913582,0.4590204,0.4903692,0.4762132,0.5010622,0.4805516,0.5619958,0.675995,0.511333,0.514431,0.6954504,0.5525112,0.5462486,0.5435774,0.5609984,0.5482794,0.7129382,0.591084,0.5854024,0.5860674,0.5791588,0.6312618,0.655067,0.6314954,0.624566,0.6637944,0.8056602,0.6696592,0.706936,0.7018738,0.701029,0.7139686,0.729449,0.764309,0.7876238,0.7766436,0.800965,0.818581,0.823899,0.845319,0.9754836,0.9062362,0.914416,0.9409276,0.9764458,1.0301008,1.002022,1.0305536,1.0505674,1.1136084,1.1169072,1.2016632,1.1831254,1.182751,1.2810714,1.3516714,1.498922,1.400554,1.4347454,1.5493454,1.5056618,1.6580502,1.6625932,1.6947292,1.7417288,1.8597468,1.9190782,1.9639734,2.0955054,2.190812,2.211941,2.2473284,2.3134842,2.3647846,2.5123558,2.610335,2.6348318,2.7007314,2.909272,2.751773,2.8394978,3.2022664,3.5622056,3.0762542,3.2896282,3.3554694,3.525358,3.4217304,3.6131768,3.8793542,4.0666688,4.2377692,4.3202162,4.4842302,4.7021874,4.7737824,4.7558442,5.2962858,5.7300754,5.6955098,5.823631,6.4860596,6.3994418,6.8307496,7.0319632,7.3114796,7.404628,7.8197376,8.476391,8.6829904,8.8821714,9.5804482,9.5392642,10.019298,11.091345,11.7465014,11.5110664]},"TASK_PARALLEL":{"x":[10,15,20,25,30,35,40,45,50,55,60,65,70,75,80,85,90,95,100,105,110,115,120,125,131,137,143,150,157,164,172,180,188,197,206,216,226,237,248,260,272,285,299,313,328,344,361,379,397,416,436,457,479,502,527,553,580,609,639,670,703,738,774,812,852,894,938,984,1033,1084,1138,1194,1253,1315,1380,1448,1520,1596,1675,1758,1845,1937,2033,2134,2240,2351,2468,2591,2720,2856,2998,3147,3304,3469,3642,3824,4015,4215,4425,4646,4878,5121,5377,5645,5927,6223,6534,6860,7202,7562,7940,8337,8753,9190,9649,10131,10637,11168,11726,12312,12927,13573,14251,14963,15711,16496,17320,18186,19095,20049,21051,22103,23208,24368,25586,26865,28208,29618,31098,32652,34284,35998,37797,39686,41670,43753,45940,48236,50647,53179,55837,58628,61559,64636,67867,71260,74822,78563,82491,86615,90945,95492,100266,105279,110542,116069,121872,127965,134363,141081,148135,155541,163318,171483,180057,189059,198511,208436,218857,229799,241288,253352,266019,279319,293284,307948,323345,339512,356487,374311,393026,412677,433310,454975,477723,501609,526689,553023,580674,609707,640192,672201,705811,741101,778156,817063,857916,900811,945851,993143,1042800,1094940,1149687,1207171,1267529,1330905,1397450,1467322,1540688,1617722,1698608,1783538,1872714,1966349,2064666,2167899,2276293,2390107,2509612,2635092,2766846,2905188,3050447,3202969,3363117,3531272,3707835,3893226,4087887,4292281,4506895,4732239,4968850,5217292,5478156,5752063,6039666,6341649,6658731,6991667,7341250,7708312,8093727,8498413,8923333,9369499,9837973,10329871,10846364,11388682,11958116,12556021,13183822,13843013,14535163,15261921,16025017,16826267,17667580,18550958,19478505,20452430,21475051,22548803,23676243,24860055,26103057,27408209,28778619,30217549,31728426,33314847,34980589,36729618,38566098,40494402,42519122,44645078,46877331,49221197],