{"LOOP_PARALLEL_DYNAMIC":{"x":[10,15,20,25,30,35,40,45,50,55,60,65,70,75,80,85,90,95,100,105,110,115,120,125,131,137,143,150,157,164,172,180,188,197,206,216,226,237,248,260,272,285,299,313,328,344,361,379,397,416,436,457,479,502,527,553,580,609,639,670,703,738,774,812,852,894,938,984,1033,1084,1138,1194,1253,1315,1380,1448,1520,1596,1675,1758,1845,1937,2033,2134,2240,2351,2468,2591,2720,2856,2998,3147,3304,3469,3642,3824,4015,4215,4425,4646,4878,5121,5377,5645,5927,6223,6534,6860,7202,7562,7940,8337,8753,9190,9649,10131,10637,11168,11726,12312,12927,13573,14251,14963,15711,16496,17320,18186,19095,20049,21051,22103,23208,24368,25586,26865,28208,29618,31098,32652,34284,35998,37797,39686,41670,43753,45940,48236,50647,53179,55837,58628,61559,64636,67867,71260,74822,78563,82491,86615,90945,95492,100266,105279,110542,116069,121872,127965,134363,141081,148135,155541,163318,171483,180057,189059,198511,208436,218857,229799,241288,253352,266019,279319,293284,307948,323345,339512,356487,374311,393026,412677,433310,454975,477723,501609,526689,553023,580674,609707,640192,672201,705811,741101,778156,817063,857916,900811,945851,993143,1042800,1094940,1149687,1207171,1267529,1330905,1397450,1467322,1540688,1617722,1698608,1783538,1872714,1966349,2064666,2167899,2276293,2390107,2509612,2635092,2766846,2905188,3050447,3202969,3363117,3531272,3707835,3893226,4087887,4292281,4506895,4732239,4968850,5217292,5478156,5752063,6039666,6341649,6658731,6991667,7341250,7708312,8093727,8498413,8923333,9369499,9837973,10329871,10846364,11388682,11958116,12556021,13183822,13843013,14535163,15261921,16025017,16826267,17667580,18550958,19478505,20452430,21475051,22548803,23676243,24860055,26103057,27408209,28778619,30217549,31728426,33314847,34980589,36729618,38566098,40494402,42519122,44645078,46877331,49221197],"y":[0.0565094,0.0568674,0.0568554,0.0553678,0.0519622,0.0509266,0.0515086,0.0505376,0.0521352,0.0521746,0.0559574,0.0511506,0.051876,0.0505888,0.0530982,0.0510938,0.0513786,0.052214,0.0515536,0.0522666,0.0583804,0.0599288,0.0541536,0.0534324,0.055435,0.0556094,0.0525872,0.0514888,0.0515302,0.0521964,0.0668654,0.0591092,0.0601704,0.051756,0.0519428,0.062497,0.0546644,0.0524004,0.0538216,0.0527116,0.053311,0.05303,0.0535958,0.0551162,0.0532068,0.0536922,0.062437,0.0636098,0.0547684,0.0533696,0.0529692,0.0531954,0.0680904,0.0545366,0.054798,0.0626708,0.056562,0.0540748,0.0537034,0.0539592,0.0562024,0.0682086,0.054521,0.0560512,0.0546156,0.0552834,0.054735,0.053097,0.0557916,0.0699338,0.0583042,0.055574,0.0540236,0.0531558,0.0584316,0.0554716,0.061268,0.0676738,0.058086,0.0558786,0.0541592,0.0561826,0.0556406,0.056263,0.0570434,0.0581086,0.0555938,0.0552658,0.058826,0.0578336,0.0561048,0.057258,0.0569236,0.0636002,0.0672626,0.0614764,0.059486,0.0626136,0.0604546,0.0593464,0.0600128,0.0599576,0.0597828,0.058869,0.069948,0.058162,0.0585116,0.058578,0.057757,0.0608062,0.0636924,0.0642208,0.0596198,0.0676828,0.0620046,0.0619284,0.06261,0.0635096,0.0651188,0.065276,0.064641,0.0645532,0.0649498,0.0649066,0.0635922,0.0651758,0.0642018,0.0671012,0.0851712,0.0677184,0.0785168,0.0689352,0.068951,0.0712866,0.0689434,0.0740974,0.0772272,0.0732876,0.0757216,0.07582,0.0734708,0.0791614,0.0766514,0.0756962,0.0817466,0.0797592,0.0862406,0.0805754,0.0825428,0.0979688,0.0898164,0.0885644,0.0895522,0.0885738,0.091854,0.0964224,0.0926354,0.0976766,0.100522,0.1020218,0.1018524,0.1086446,0.115055,0.111087,0.1112778,0.124855,0.1133668,0.1231376,0.1233618,0.1315542,0.1403242,0.1430406,0.1532742,0.1622856,0.1783212,0.1711306,0.1703426,0.1801164,0.190888,0.3322444,0.2016124,0.1928372,0.2321846,0.2456942,0.2447078,0.2570976,0.2547874,0.2663204,0.317478,0.2883106,0.3073478,0.3300814,0.3224536,0.3632606,0.35287,0.3680016,0.383067,0.4138606,0.4917968,0.5112252,0.478438,0.4829506,0.5490272,0.5230944,0.597265,0.6279482,0.6226512,0.6327818,0.7048864,0.811812,0.748937,0.7286334,0.7905242,0.8330438,0.8977736,0.9789702,1.0270962,1.044263,1.215498,1.2245914,1.2032474,1.265139,1.3720428,1.1949796,1.2035902,1.3902212,1.6872752,1.6687602,1.773667,1.7070284,1.9453708,1.9126004,1.939829,2.0414168,2.1619874,2.1218912,2.4248406,2.4543028,2.4250974,2.5030556,2.8879434,2.7739276,2.9690044,3.0398258,3.312794,3.2816668,3.5405982,3.6067642,3.9145498,3.8521444,4.0746756,4.1846882,4.6368504,4.5833014,4.7714898,5.1702816,5.324117,6.2320482,5.4208746,6.0790834,6.0374014,6.5229316,6.921338,7.1303822,7.7509144,7.9110882,8.2161452,8.4427956,8.9530264,8.7811518,10.0539454,9.7922758,10.268586,10.7561488,12.5880324,11.8994434,12.7106548,13.8526398,14.164851,15.5494598,16.9675172,18.4228646,18.4812624,18.5580868,20.199447,19.0775938,21.6709714,24.4167814,30.3190888,26.20614]},"TASK_PARALLEL":{"x":[10,15,20,25,30,35,40,45,50,55,60,65,70,75,80,85,90,95,100,105,110,115,120,125,131,137,143,150,157,164,172,180,188,197,206,216,226,237,248,260,272,285,299,313,328,344,361,379,397,416,436,457,479,502,527,553,580,609,639,670,703,738,774,812,852,894,938,984,1033,1084,1138,1194,1253,1315,1380,1448,1520,1596,1675,1758,1845,1937,2033,2134,2240,2351,2468,2591,2720,2856,2998,3147,3304,3469,3642,3824,4015,4215,4425,4646,4878,5121,5377,5645,5927,6223,6534,6860,7202,7562,7940,8337,8753,9190,9649,10131,10637,11168,11726,12312,12927,13573,14251,14963,15711,16496,17320,18186,19095,20049,21051,22103,23208,24368,25586,26865,28208,29618,31098,32652,34284,35998,37797,39686,41670,43753,45940,48236,50647,53179,55837,58628,61559,64636,67867,71260,74822,78563,82491,86615,90945,95492,100266,105279,110542,116069,121872,127965,134363,141081,148135,155541,163318,171483,180057,189059,198511,208436,218857,229799,241288,253352,266019,279319,293284,307948,323345,339512,356487,374311,393026,412677,433310,454975,477723,501609,526689,553023,580674,609707,640192,672201,705811,741101,778156,817063,857916,900811,945851,993143,1042800,1094940,1149687,1207171,1267529,1330905,1397450,1467322,1540688,1617722,1698608,1783538,1872714,1966349,2064666,2167899,2276293,2390107,2509612,2635092,2766846,2905188,3050447,3202969,3363117,3531272,3707835,3893226,4087887,4292281,4506895,4732239,4968850,5217292,5478156,5752063,6039666,6341649,6658731,6991667,7341250,7708312,8093727,8498413,8923333,9369499,9837973,10329871,10846364,11388682,11958116,12556021,13183822,13843013,14535163,15261921,16025017,16826267,17667580,18550958,19478505,20452430,21475051,22548803,23676243,24860055,26103057,27408209,28778619,30217549,31728426,33314847,34980589,36729618,38566098,40494402,42519122,44645078,46877331,49221197],