{"LOOP_PARALLEL_DYNAMIC":{"x":[10,15,20,25,30,35,40,45,50,55,60,65,70,75,80,85,90,95,100,105,110,115,120,125,131,137,143,150,157,164,172,180,188,197,206,216,226,237,248,260,272,285,299,313,328,344,361,379,397,416,436,457,479,502,527,553,580,609,639,670,703,738,774,812,852,894,938,984,1033,1084,1138,1194,1253,1315,1380,1448,1520,1596,1675,1758,1845,1937,2033,2134,2240,2351,2468,2591,2720,2856,2998,3147,3304,3469,3642,3824,4015,4215,4425,4646,4878,5121,5377,5645,5927,6223,6534,6860,7202,7562,7940,8337,8753,9190,9649,10131,10637,11168,11726,12312,12927,13573,14251,14963,15711,16496,17320,18186,19095,20049,21051,22103,23208,24368,25586,26865,28208,29618,31098,32652,34284,35998,37797,39686,41670,43753,45940,48236,50647,53179,55837,58628,61559,64636,67867,71260,74822,78563,82491,86615,90945,95492,100266,105279,110542,116069,121872,127965,134363,141081,148135,155541,163318,171483,180057,189059,198511,208436,218857,229799,241288,253352,266019,279319,293284,307948,323345,339512,356487,374311,393026,412677,433310,454975,477723,501609,526689,553023,580674,609707,640192,672201,705811,741101,778156,817063,857916,900811,945851,993143,1042800,1094940,1149687,1207171,1267529,1330905,1397450,1467322,1540688,1617722,1698608,1783538,1872714,1966349,2064666,2167899,2276293,2390107,2509612,2635092,2766846,2905188,3050447,3202969,3363117,3531272,3707835,3893226,4087887,4292281,4506895,4732239,4968850,5217292,5478156,5752063,6039666,6341649,6658731,6991667,7341250,7708312,8093727,8498413,8923333,9369499,9837973,10329871,10846364,11388682,11958116,12556021,13183822,13843013,14535163,15261921,16025017,16826267,17667580,18550958,19478505,20452430,21475051,22548803,23676243,24860055,26103057,27408209,28778619,30217549,31728426,33314847,34980589,36729618,38566098,40494402,42519122,44645078,46877331,49221197],"y":[0.1120492,0.102671,0.0992418,0.1009398,0.0890532,0.0919676,0.0891652,0.0897936,0.0898234,0.1013974,0.0898354,0.0892906,0.090625,0.0907232,0.091588,0.0890396,0.104827,0.0905366,0.0927316,0.089792,0.0934806,0.0919868,0.0901596,0.09148,0.1149446,0.0920834,0.0898214,0.0893322,0.089499,0.0900554,0.0931478,0.0919064,0.0912418,0.088931,0.0921288,0.0906642,0.104178,0.093315,0.0932432,0.0927656,0.0907722,0.0991376,0.0917056,0.0896722,0.0922296,0.0913006,0.0936556,0.0971478,0.0934806,0.1035074,0.0913572,0.0920212,0.0919508,0.0977444,0.0942486,0.1041744,0.096771,0.092145,0.09363,0.0960128,0.0960226,0.0959342,0.091811,0.0940856,0.0925164,0.0911688,0.0981052,0.1088042,0.0914146,0.0984724,0.0929542,0.0962778,0.096158,0.1122212,0.119294,0.0917208,0.0987002,0.0988418,0.099348,0.0973052,0.0985388,0.1010826,0.0946516,0.0945532,0.0946714,0.0983956,0.0926468,0.0932242,0.1053938,0.0951538,0.0948804,0.1002504,0.0961342,0.097311,0.1075566,0.1047938,0.0991384,0.0955072,0.1010164,0.0994584,0.0941438,0.0961808,0.09669,0.0955072,0.115532,0.0959708,0.0970104,0.0972424,0.1050006,0.0991344,0.099873,0.104883,0.1063192,0.101052,0.1007316,0.106557,0.1002246,0.1042386,0.1032602,0.1032386,0.1038182,0.1054648,0.1032878,0.1047732,0.1001814,0.1037174,0.1097322,0.1104204,0.248973,0.104226,0.1051968,0.120086,0.107961,0.1076916,0.1206014,0.1100706,0.1103396,0.1193214,0.1173438,0.114377,0.1121596,0.1228286,0.1144912,0.1165774,0.1153564,0.1327222,0.1279556,0.1199838,0.1214428,0.127922,0.1272694,0.1311324,0.1298704,0.1293772,0.1326216,0.1316646,0.1390498,0.1465294,0.1423026,0.144165,0.1460026,0.1449476,0.1549878,0.1544434,0.1617096,0.1778156,0.1720986,0.1676886,0.1758168,0.1807138,0.183383,0.2020266,0.1926222,0.1958058,0.1971514,0.205973,0.204545,0.2265514,0.222393,0.2381636,0.246977,0.2685796,0.2608302,0.2908308,0.2842142,0.3063182,0.308709,0.3293816,0.3235484,0.3251884,0.4732516,0.361099,0.3514384,0.3576042,0.3962624,0.396064,0.41323,0.4022276,0.463406,0.4486114,0.517303,0.4825674,0.5111294,0.5607778,0.5723776,0.5744482,0.6187814,0.6074332,0.64392,0.6935396,0.6838128,0.7516586,0.8130684,0.814155,0.8327566,0.8758328,0.915292,0.885482,0.9431194,1.0507978,1.0040158,1.0904518,1.1483966,1.1718228,1.2249832,1.345067,1.4254284,1.3717194,1.4384098,1.4988962,1.7068582,1.6714884,1.746926,1.8359072,1.788784,1.9409094,2.1397222,2.1590822,2.513995,2.2620664,2.4777486,2.6093536,2.5533682,2.7533072,2.88163,2.875425,3.0753798,3.1215538,3.1780402,3.464156,3.562523,3.493083,3.9679352,3.830374,3.8656876,4.1470412,4.3009246,4.2589584,4.5159982,4.7509222,4.920452,5.2864492,5.1872672,5.2955526,5.7659166,6.388842,5.9806876,6.2479058,6.7757036,7.0835902,7.334848,7.4178054,8.024568,8.3259756,8.9149902,8.8178404,9.7681914,9.5153138,9.7119088,10.6171018,11.7711508,12.6769338,12.9125668,13.2176176,14.5329196,13.6862794,15.3233458,17.921638,19.8045532,17.5623802]},"TASK_PARALLEL":{"x":[10,15,20,25,30,35,40,45,50,55,60,65,70,75,80,85,90,95,100,105,110,115,120,125,131,137,143,150,157,164,172,180,188,197,206,216,226,237,248,260,272,285,299,313,328,344,361,379,397,416,436,457,479,502,527,553,580,609,639,670,703,738,774,812,852,894,938,984,1033,1084,1138,1194,1253,1315,1380,1448,1520,1596,1675,1758,1845,1937,2033,2134,2240,2351,2468,2591,2720,2856,2998,3147,3304,3469,3642,3824,4015,4215,4425,4646,4878,5121,5377,5645,5927,6223,6534,6860,7202,7562,7940,8337,8753,9190,9649,10131,10637,11168,11726,12312,12927,13573,14251,14963,15711,16496,17320,18186,19095,20049,21051,22103,23208,24368,25586,26865,28208,29618,31098,32652,34284,35998,37797,39686,41670,43753,45940,48236,50647,53179,55837,58628,61559,64636,67867,71260,74822,78563,82491,86615,90945,95492,100266,105279,110542,116069,121872,127965,134363,141081,148135,155541,163318,171483,180057,189059,198511,208436,218857,229799,241288,253352,266019,279319,293284,307948,323345,339512,356487,374311,393026,412677,433310,454975,477723,501609,526689,553023,580674,609707,640192,672201,705811,741101,778156,817063,857916,900811,945851,993143,1042800,1094940,1149687,1207171,1267529,1330905,1397450,1467322,1540688,1617722,1698608,1783538,1872714,1966349,2064666,2167899,2276293,2390107,2509612,2635092,2766846,2905188,3050447,3202969,3363117,3531272,3707835,3893226,4087887,4292281,4506895,4732239,4968850,5217292,5478156,5752063,6039666,6341649,6658731,6991667,7341250,7708312,8093727,8498413,8923333,9369499,9837973,10329871,10846364,11388682,11958116,12556021,13183822,13843013,14535163,15261921,16025017,16826267,17667580,18550958,19478505,20452430,21475051,22548803,23676243,24860055,26103057,27408209,28778619,30217549,31728426,33314847,34980589,36729618,38566098,40494402,42519122,44645078,46877331,49221197],