{"LOOP_PARALLEL_DYNAMIC":{"x":[10,15,20,25,30,35,40,45,50,55,60,65,70,75,80,85,90,95,100,105,110,115,120,125,131,137,143,150,157,164,172,180,188,197,206,216,226,237,248,260,272,285,299,313,328,344,361,379,397,416,436,457,479,502,527,553,580,609,639,670,703,738,774,812,852,894,938,984,1033,1084,1138,1194,1253,1315,1380,1448,1520,1596,1675,1758,1845,1937,2033,2134,2240,2351,2468,2591,2720,2856,2998,3147,3304,3469,3642,3824,4015,4215,4425,4646,4878,5121,5377,5645,5927,6223,6534,6860,7202,7562,7940,8337,8753,9190,9649,10131,10637,11168,11726,12312,12927,13573,14251,14963,15711,16496,17320,18186,19095,20049,21051,22103,23208,24368,25586,26865,28208,29618,31098,32652,34284,35998,37797,39686,41670,43753,45940,48236,50647,53179,55837,58628,61559,64636,67867,71260,74822,78563,82491,86615,90945,95492,100266,105279,110542,116069,121872,127965,134363,141081,148135,155541,163318,171483,180057,189059,198511,208436,218857,229799,241288,253352,266019,279319,293284,307948,323345,339512,356487,374311,393026,412677,433310,454975,477723,501609,526689,553023,580674,609707,640192,672201,705811,741101,778156,817063,857916,900811,945851,993143,1042800,1094940,1149687,1207171,1267529,1330905,1397450,1467322,1540688,1617722,1698608,1783538,1872714,1966349,2064666,2167899,2276293,2390107,2509612,2635092,2766846,2905188,3050447,3202969,3363117,3531272,3707835,3893226,4087887,4292281,4506895,4732239,4968850,5217292,5478156,5752063,6039666,6341649,6658731,6991667,7341250,7708312,8093727,8498413,8923333,9369499,9837973,10329871,10846364,11388682,11958116,12556021,13183822,13843013,14535163,15261921,16025017,16826267,17667580,18550958,19478505,20452430,21475051,22548803,23676243,24860055,26103057,27408209,28778619,30217549,31728426,33314847,34980589,36729618,38566098,40494402,42519122,44645078,46877331,49221197],"y":[0.3474342,0.190512,0.1925138,0.1880002,0.174227,0.1751388,0.2038152,0.182777,0.2027616,0.1811976,0.1841762,0.1829738,0.1740758,0.1743706,0.1798554,0.1998238,0.1937106,0.1757542,0.1812208,0.1785524,0.2007634,0.1724506,0.1772024,0.1737652,0.1844692,0.1741012,0.1756108,0.1838364,0.2077806,0.1843334,0.180193,0.1772728,0.175274,0.180144,0.1763122,0.1828676,0.1775598,0.1863062,0.1828482,0.1981464,0.1786174,0.180012,0.173575,0.1938502,0.1820212,0.1742368,0.17795,0.2003992,0.1875844,0.1791282,0.1736278,0.1791302,0.1855688,0.1850856,0.1790418,0.1787922,0.177203,0.1771714,0.1850838,0.1821004,0.1799236,0.183695,0.1862582,0.178195,0.1789906,0.1729266,0.177936,0.180633,0.179949,0.1851602,0.1755906,0.179578,0.1761696,0.1892502,0.1831334,0.1811552,0.1879106,0.1825832,0.1800966,0.1808406,0.1769554,0.1739066,0.1886746,0.2034794,0.1756004,0.1851836,0.1860302,0.179285,0.193498,0.1826388,0.1902722,0.1933488,0.179674,0.1859056,0.2055322,0.1960486,0.1829102,0.1783994,0.179189,0.208086,0.1852974,0.1864664,0.1776484,0.1839242,0.1815016,0.1805802,0.1769,0.2027814,0.1996752,0.2047596,0.1826962,0.2062846,0.182311,0.1945216,0.18224,0.189993,0.1802422,0.2014496,0.1984274,0.183313,0.206078,0.198638,0.185706,0.1899242,0.188044,0.1886374,0.188227,0.1914514,0.2095094,0.1905688,0.1918424,0.1903176,0.1897808,0.1958096,0.1955956,0.2198928,0.2019978,0.2028314,0.1969954,0.2012902,0.2008874,0.20441,0.2091656,0.2242944,0.2114928,0.2018722,0.2152336,0.2136062,0.2054342,0.2099498,0.2205866,0.2090294,0.2102664,0.2091134,0.2128922,0.2160384,0.2247428,0.343824,0.239448,0.2454184,0.2400912,0.2372806,0.2392574,0.2357908,0.2477118,0.2391472,0.2577972,0.2820518,0.2558254,0.254586,0.2638784,0.2541164,0.2705644,0.2712366,0.295479,0.3145834,0.282597,0.2827522,0.2928876,0.2964628,0.4388672,0.3188786,0.3243398,0.3641782,0.3315,0.3506238,0.3855514,0.3828158,0.408093,0.3753472,0.3875614,0.3944008,0.4033098,0.4035828,0.4595974,0.4298168,0.465333,0.473531,0.4875118,0.5019804,0.5481052,0.536942,0.5272286,0.5639334,0.5820654,0.5581642,0.585031,0.6228734,0.6347528,0.68384,0.6526854,0.7692912,0.7313406,0.7297242,0.7627528,0.7939824,0.8522618,0.8557406,0.8701434,0.9036998,0.926688,0.9839538,1.0590178,1.0509408,1.0488558,1.097149,1.1713078,1.207656,1.3033576,1.3077438,1.334372,1.4224306,1.4826058,1.5412534,1.552986,1.6801168,1.8231396,1.8283084,1.9625616,2.023829,2.0703924,2.0915328,2.2266576,2.2405306,2.316239,2.4884864,2.5380576,2.5264818,2.7148232,2.9825614,2.956828,3.0708218,2.9389836,3.2060024,3.1854474,3.5691632,3.550346,3.4853202,3.698268,3.835994,4.1518732,4.0582812,4.1550208,4.4954778,4.5335632,4.6054958,4.8516726,5.1365798,5.3487726,5.773445,5.8555216,5.8572782,6.30142,6.3458278,6.7751512,7.6348926,7.4616598,7.6207312,7.7550224,8.3391828,9.2392144,9.6174878,9.7720658,10.325853,10.429108,11.0822118,11.4671324,13.2844912,13.8057592,14.5467092]},"TASK_PARALLEL":{"x":[10,15,20,25,30,35,40,45,50,55,60,65,70,75,80,85,90,95,100,105,110,115,120,125,131,137,143,150,157,164,172,180,188,197,206,216,226,237,248,260,272,285,299,313,328,344,361,379,397,416,436,457,479,502,527,553,580,609,639,670,703,738,774,812,852,894,938,984,1033,1084,1138,1194,1253,1315,1380,1448,1520,1596,1675,1758,1845,1937,2033,2134,2240,2351,2468,2591,2720,2856,2998,3147,3304,3469,3642,3824,4015,4215,4425,4646,4878,5121,5377,5645,5927,6223,6534,6860,7202,7562,7940,8337,8753,9190,9649,10131,10637,11168,11726,12312,12927,13573,14251,14963,15711,16496,17320,18186,19095,20049,21051,22103,23208,24368,25586,26865,28208,29618,31098,32652,34284,35998,37797,39686,41670,43753,45940,48236,50647,53179,55837,58628,61559,64636,67867,71260,74822,78563,82491,86615,90945,95492,100266,105279,110542,116069,121872,127965,134363,141081,148135,155541,163318,171483,180057,189059,198511,208436,218857,229799,241288,253352,266019,279319,293284,307948,323345,339512,356487,374311,393026,412677,433310,454975,477723,501609,526689,553023,580674,609707,640192,672201,705811,741101,778156,817063,857916,900811,945851,993143,1042800,1094940,1149687,1207171,1267529,1330905,1397450,1467322,1540688,1617722,1698608,1783538,1872714,1966349,2064666,2167899,2276293,2390107,2509612,2635092,2766846,2905188,3050447,3202969,3363117,3531272,3707835,3893226,4087887,4292281,4506895,4732239,4968850,5217292,5478156,5752063,6039666,6341649,6658731,6991667,7341250,7708312,8093727,8498413,8923333,9369499,9837973,10329871,10846364,11388682,11958116,12556021,13183822,13843013,14535163,15261921,16025017,16826267,17667580,18550958,19478505,20452430,21475051,22548803,23676243,24860055,26103057,27408209,28778619,30217549,31728426,33314847,34980589,36729618,38566098,40494402,42519122,44645078,46877331,49221197],