{"LOOP_PARALLEL_DYNAMIC":{"x":[10,15,20,25,30,35,40,45,50,55,60,65,70,75,80,85,90,95,100,105,110,115,120,125,131,137,143,150,157,164,172,180,188,197,206,216,226,237,248,260,272,285,299,313,328,344,361,379,397,416,436,457,479,502,527,553,580,609,639,670,703,738,774,812,852,894,938,984,1033,1084,1138,1194,1253,1315,1380,1448,1520,1596,1675,1758,1845,1937,2033,2134,2240,2351,2468,2591,2720,2856,2998,3147,3304,3469,3642,3824,4015,4215,4425,4646,4878,5121,5377,5645,5927,6223,6534,6860,7202,7562,7940,8337,8753,9190,9649,10131,10637,11168,11726,12312,12927,13573,14251,14963,15711,16496,17320,18186,19095,20049,21051,22103,23208,24368,25586,26865,28208,29618,31098,32652,34284,35998,37797,39686,41670,43753,45940,48236,50647,53179,55837,58628,61559,64636,67867,71260,74822,78563,82491,86615,90945,95492,100266,105279,110542,116069,121872,127965,134363,141081,148135,155541,163318,171483,180057,189059,198511,208436,218857,229799,241288,253352,266019,279319,293284,307948,323345,339512,356487,374311,393026,412677,433310,454975,477723,501609,526689,553023,580674,609707,640192,672201,705811,741101,778156,817063,857916,900811,945851,993143,1042800,1094940,1149687,1207171,1267529,1330905,1397450,1467322,1540688,1617722,1698608,1783538,1872714,1966349,2064666,2167899,2276293,2390107,2509612,2635092,2766846,2905188,3050447,3202969,3363117,3531272,3707835,3893226,4087887,4292281,4506895,4732239,4968850,5217292,5478156,5752063,6039666,6341649,6658731,6991667,7341250,7708312,8093727,8498413,8923333,9369499,9837973,10329871,10846364,11388682,11958116,12556021,13183822,13843013,14535163,15261921,16025017,16826267,17667580,18550958,19478505,20452430,21475051,22548803,23676243,24860055,26103057,27408209,28778619,30217549,31728426,33314847,34980589,36729618,38566098,40494402,42519122,44645078,46877331,49221197],"y":[0.279767,0.2793604,0.2872992,0.280551,0.2593484,0.2656772,0.2901354,0.285603,0.276898,0.3065256,0.2544376,0.2518572,0.2680122,0.2551408,0.2748896,0.2767782,0.2653396,0.2591126,0.2672828,0.2578014,0.266096,0.2514288,0.2738366,0.2666664,0.2569312,0.2695452,0.2684228,0.265021,0.260423,0.2748896,0.2621308,0.2573358,0.2720326,0.2585284,0.2839332,0.2587174,0.2689632,0.266385,0.2602004,0.2602474,0.2783562,0.2568082,0.297915,0.2909398,0.2686352,0.258179,0.2668656,0.2803762,0.2664902,0.2613218,0.268533,0.2591572,0.2835066,0.257244,0.2782012,0.2665332,0.2689472,0.2661208,0.2602732,0.2646126,0.2909026,0.2741584,0.2750958,0.297687,0.2889146,0.260228,0.29314,0.275703,0.281625,0.357343,0.2998174,0.259778,0.272717,0.260603,0.2673838,0.265557,0.294658,0.286477,0.2905272,0.2612712,0.2562152,0.2988244,0.2626224,0.2812362,0.2659952,0.2629178,0.2741324,0.3550496,0.2806162,0.2610002,0.2712044,0.2822566,0.2793078,0.3085364,0.2743504,0.280875,0.2959744,0.2728298,0.2811802,0.2868914,0.2857898,0.2791934,0.2788968,0.2634166,0.2758258,0.2734564,0.2760674,0.3023282,0.2657192,0.2718178,0.2684132,0.285577,0.2634698,0.2818926,0.268961,0.2692464,0.2697018,0.2691126,0.3016012,0.2724352,0.2801956,0.273832,0.2895144,0.3000414,0.2632658,0.286279,0.2785,0.2848806,0.4335836,0.2797206,0.2734244,0.2768468,0.2824118,0.2744624,0.2726712,0.2855672,0.2865162,0.2858522,0.3233994,0.2959192,0.4129328,0.2967134,0.297993,0.278592,0.2974878,0.2882484,0.2865956,0.289833,0.2937568,0.3088346,0.3132384,0.2867604,0.459375,0.2862904,0.31187,0.3092738,0.3157684,0.2992606,0.297909,0.3108772,0.3220538,0.3050584,0.313045,0.3251012,0.3280712,0.3281414,0.3430262,0.323262,0.3224226,0.3450966,0.3340978,0.338986,0.3336296,0.3417166,0.3787628,0.3559078,0.3674688,0.3670132,0.3637348,0.365131,0.3627226,0.4141864,0.393323,0.407203,0.4160016,0.4537714,0.4528798,0.4458846,0.4541316,0.4794294,0.4927646,0.6342536,0.510094,0.5022828,0.5126898,0.5162498,0.5046508,0.5613408,0.5666464,0.5612998,0.5944286,0.5733092,0.604776,0.6320088,0.6036954,0.676716,0.6755494,0.6575462,0.8326998,0.69717,0.7669478,0.7551696,0.7851372,0.766834,0.7626686,0.8133862,0.8574984,1.0209068,0.9214766,0.920925,0.9327492,1.0055578,0.9845216,1.0346684,1.0778252,1.0743132,1.0810952,1.1882634,1.2211296,1.2738174,1.2945324,1.4093118,1.3994222,1.4696164,1.5963744,1.5909652,1.6340506,1.7519172,1.7543002,1.8096034,2.073074,1.981494,2.0302776,2.209905,2.0930946,2.2613448,2.4513778,2.2970434,2.667834,2.6170884,2.7619074,2.906075,2.8717328,2.8549082,3.0370262,2.994458,3.2421424,3.3004734,3.5244976,3.6519006,3.5595786,3.7631916,3.8411584,3.9495906,4.1643274,4.254289,4.6342238,4.7294424,4.5613078,5.1770062,5.2636442,5.3285172,5.7190738,5.758899,6.4109038,6.8678884,6.3238542,6.9386566,7.2698884,6.9971006,7.6926922,8.81232,8.6412504,9.2004706,9.831748,10.2736194,10.6013848,11.6997374,12.1451156,11.8467778]},"TASK_PARALLEL":{"x":[10,15,20,25,30,35,40,45,50,55,60,65,70,75,80,85,90,95,100,105,110,115,120,125,131,137,143,150,157,164,172,180,188,197,206,216,226,237,248,260,272,285,299,313,328,344,361,379,397,416,436,457,479,502,527,553,580,609,639,670,703,738,774,812,852,894,938,984,1033,1084,1138,1194,1253,1315,1380,1448,1520,1596,1675,1758,1845,1937,2033,2134,2240,2351,2468,2591,2720,2856,2998,3147,3304,3469,3642,3824,4015,4215,4425,4646,4878,5121,5377,5645,5927,6223,6534,6860,7202,7562,7940,8337,8753,9190,9649,10131,10637,11168,11726,12312,12927,13573,14251,14963,15711,16496,17320,18186,19095,20049,21051,22103,23208,24368,25586,26865,28208,29618,31098,32652,34284,35998,37797,39686,41670,43753,45940,48236,50647,53179,55837,58628,61559,64636,67867,71260,74822,78563,82491,86615,90945,95492,100266,105279,110542,116069,121872,127965,134363,141081,148135,155541,163318,171483,180057,189059,198511,208436,218857,229799,241288,253352,266019,279319,293284,307948,323345,339512,356487,374311,393026,412677,433310,454975,477723,501609,526689,553023,580674,609707,640192,672201,705811,741101,778156,817063,857916,900811,945851,993143,1042800,1094940,1149687,1207171,1267529,1330905,1397450,1467322,1540688,1617722,1698608,1783538,1872714,1966349,2064666,2167899,2276293,2390107,2509612,2635092,2766846,2905188,3050447,3202969,3363117,3531272,3707835,3893226,4087887,4292281,4506895,4732239,4968850,5217292,5478156,5752063,6039666,6341649,6658731,6991667,7341250,7708312,8093727,8498413,8923333,9369499,9837973,10329871,10846364,11388682,11958116,12556021,13183822,13843013,14535163,15261921,16025017,16826267,17667580,18550958,19478505,20452430,21475051,22548803,23676243,24860055,26103057,27408209,28778619,30217549,31728426,33314847,34980589,36729618,38566098,40494402,42519122,44645078,46877331,49221197],