{"LOOP_PARALLEL_DYNAMIC":{"x":[10,15,20,25,30,35,40,45,50,55,60,65,70,75,80,85,90,95,100,105,110,115,120,125,131,137,143,150,157,164,172,180,188,197,206,216,226,237,248,260,272,285,299,313,328,344,361,379,397,416,436,457,479,502,527,553,580,609,639,670,703,738,774,812,852,894,938,984,1033,1084,1138,1194,1253,1315,1380,1448,1520,1596,1675,1758,1845,1937,2033,2134,2240,2351,2468,2591,2720,2856,2998,3147,3304,3469,3642,3824,4015,4215,4425,4646,4878,5121,5377,5645,5927,6223,6534,6860,7202,7562,7940,8337,8753,9190,9649,10131,10637,11168,11726,12312,12927,13573,14251,14963,15711,16496,17320,18186,19095,20049,21051,22103,23208,24368,25586,26865,28208,29618,31098,32652,34284,35998,37797,39686,41670,43753,45940,48236,50647,53179,55837,58628,61559,64636,67867,71260,74822,78563,82491,86615,90945,95492,100266,105279,110542,116069,121872,127965,134363,141081,148135,155541,163318,171483,180057,189059,198511,208436,218857,229799,241288,253352,266019,279319,293284,307948,323345,339512,356487,374311,393026,412677,433310,454975,477723,501609,526689,553023,580674,609707,640192,672201,705811,741101,778156,817063,857916,900811,945851,993143,1042800,1094940,1149687,1207171,1267529,1330905,1397450,1467322,1540688,1617722,1698608,1783538,1872714,1966349,2064666,2167899,2276293,2390107,2509612,2635092,2766846,2905188,3050447,3202969,3363117,3531272,3707835,3893226,4087887,4292281,4506895,4732239,4968850,5217292,5478156,5752063,6039666,6341649,6658731,6991667,7341250,7708312,8093727,8498413,8923333,9369499,9837973,10329871,10846364,11388682,11958116,12556021,13183822,13843013,14535163,15261921,16025017,16826267,17667580,18550958,19478505,20452430,21475051,22548803,23676243,24860055,26103057,27408209,28778619,30217549,31728426,33314847,34980589,36729618,38566098,40494402,42519122,44645078,46877331,49221197],"y":[0.3247634,0.3268366,0.3365892,0.337324,0.3265714,0.315394,0.3205892,0.4504274,0.3251252,0.32563,0.3132952,0.3172764,0.3217922,0.4510836,0.3312812,0.3032552,0.3167812,0.3135604,0.3042284,0.312234,0.3257932,0.3079736,0.3252604,0.3260482,0.3261178,0.31608,0.3504744,0.3270938,0.3356988,0.3206698,0.3162584,0.3237924,0.3092746,0.3198818,0.3258442,0.3204502,0.3084022,0.3738922,0.4921894,0.3580204,0.351489,0.3147704,0.3024266,0.304945,0.357068,0.3450362,0.3227828,0.3289922,0.3298582,0.3555082,0.3099836,0.3094848,0.3604558,0.3075188,0.3338716,0.326464,0.3129044,0.346165,0.3121128,0.313166,0.325861,0.3328834,0.3100386,0.3052124,0.3169804,0.3422058,0.323337,0.3307914,0.344348,0.358594,0.3389432,0.3338324,0.349014,0.3295874,0.316501,0.3460242,0.4128152,0.3119694,0.324588,0.3166876,0.3275816,0.3193024,0.3080052,0.3172534,0.3099186,0.3402396,0.309299,0.379872,0.3208556,0.3512198,0.323227,0.3072988,0.3231896,0.3505228,0.3354102,0.3376304,0.3131538,0.3247122,0.321048,0.3203448,0.3082398,0.3135898,0.3016642,0.3192994,0.3342178,0.3100004,0.3177064,0.3228912,0.3123778,0.3139908,0.320671,0.3305518,0.3355642,0.3239582,0.4932908,0.3107494,0.3165528,0.3414414,0.3228676,0.3412458,0.3270464,0.3374024,0.3291052,0.316046,0.3228422,0.3247012,0.3247086,0.3223752,0.3383924,0.4581918,0.3364446,0.329342,0.3593778,0.3360496,0.3371326,0.3169748,0.3345004,0.3093082,0.335499,0.328387,0.3335452,0.3466472,0.3439064,0.369828,0.323832,0.3172874,0.3660796,0.3490352,0.3281624,0.5036142,0.3410526,0.337581,0.340721,0.3413868,0.341242,0.3274696,0.3815,0.3492362,0.336437,0.3802252,0.3902654,0.7878736,0.3884066,0.3398168,0.376478,0.3589932,0.3968182,0.3801624,0.3554438,0.3954148,0.3709138,0.4168342,0.4048254,0.3900212,0.39624,0.3997654,0.4089184,0.4124932,0.393451,0.4242404,0.4142262,0.4154674,0.4270476,0.4466052,0.445798,0.4844268,0.5275594,0.4958612,0.4948232,0.5072456,0.5003906,0.5082586,0.555077,0.505069,0.5527932,0.571208,0.5451956,0.5510592,0.6207578,0.5889894,0.5959396,0.6049008,0.6833014,0.626789,0.659871,0.6515402,0.6834534,0.6918828,0.7274088,0.7237052,0.7369612,0.7728078,0.7665498,0.796106,0.8020298,0.8882466,0.8853186,0.8799454,0.9502714,0.961025,1.1100952,1.0230244,1.0161572,1.0982732,1.0687294,1.138991,1.1262304,1.2556284,1.2814112,1.2704938,1.2833276,1.4089298,1.4273882,1.4750602,1.5662378,1.5642502,1.6155844,1.7121166,1.7899686,1.794538,1.8813752,1.9218206,2.168883,2.1416132,2.3047362,2.2633434,2.3125756,2.2503676,2.4243344,2.8136478,2.5214078,2.9312758,2.8779218,2.7950302,2.9720216,3.1480674,3.0172684,3.2528414,3.285263,3.831182,3.491446,3.5371726,3.8065378,4.2749254,4.2094418,4.0002814,4.3788136,4.510876,4.4783894,5.0952886,5.515838,5.1914324,5.2056006,5.6650088,6.2098556,6.1791242,5.9697148,6.9577474,7.4241314,7.2935276,7.8603138,8.4798616,9.12652,8.785244,9.4344264,9.7030144,10.60463,11.3359282,12.3565622,11.471713]},"TASK_PARALLEL":{"x":[10,15,20,25,30,35,40,45,50,55,60,65,70,75,80,85,90,95,100,105,110,115,120,125,131,137,143,150,157,164,172,180,188,197,206,216,226,237,248,260,272,285,299,313,328,344,361,379,397,416,436,457,479,502,527,553,580,609,639,670,703,738,774,812,852,894,938,984,1033,1084,1138,1194,1253,1315,1380,1448,1520,1596,1675,1758,1845,1937,2033,2134,2240,2351,2468,2591,2720,2856,2998,3147,3304,3469,3642,3824,4015,4215,4425,4646,4878,5121,5377,5645,5927,6223,6534,6860,7202,7562,7940,8337,8753,9190,9649,10131,10637,11168,11726,12312,12927,13573,14251,14963,15711,16496,17320,18186,19095,20049,21051,22103,23208,24368,25586,26865,28208,29618,31098,32652,34284,35998,37797,39686,41670,43753,45940,48236,50647,53179,55837,58628,61559,64636,67867,71260,74822,78563,82491,86615,90945,95492,100266,105279,110542,116069,121872,127965,134363,141081,148135,155541,163318,171483,180057,189059,198511,208436,218857,229799,241288,253352,266019,279319,293284,307948,323345,339512,356487,374311,393026,412677,433310,454975,477723,501609,526689,553023,580674,609707,640192,672201,705811,741101,778156,817063,857916,900811,945851,993143,1042800,1094940,1149687,1207171,1267529,1330905,1397450,1467322,1540688,1617722,1698608,1783538,1872714,1966349,2064666,2167899,2276293,2390107,2509612,2635092,2766846,2905188,3050447,3202969,3363117,3531272,3707835,3893226,4087887,4292281,4506895,4732239,4968850,5217292,5478156,5752063,6039666,6341649,6658731,6991667,7341250,7708312,8093727,8498413,8923333,9369499,9837973,10329871,10846364,11388682,11958116,12556021,13183822,13843013,14535163,15261921,16025017,16826267,17667580,18550958,19478505,20452430,21475051,22548803,23676243,24860055,26103057,27408209,28778619,30217549,31728426,33314847,34980589,36729618,38566098,40494402,42519122,44645078,46877331,49221197],