{"LOOP_PARALLEL_DYNAMIC":{"x":[10,15,20,25,30,35,40,45,50,55,60,65,70,75,80,85,90,95,100,105,110,115,120,125,131,137,143,150,157,164,172,180,188,197,206,216,226,237,248,260,272,285,299,313,328,344,361,379,397,416,436,457,479,502,527,553,580,609,639,670,703,738,774,812,852,894,938,984,1033,1084,1138,1194,1253,1315,1380,1448,1520,1596,1675,1758,1845,1937,2033,2134,2240,2351,2468,2591,2720,2856,2998,3147,3304,3469,3642,3824,4015,4215,4425,4646,4878,5121,5377,5645,5927,6223,6534,6860,7202,7562,7940,8337,8753,9190,9649,10131,10637,11168,11726,12312,12927,13573,14251,14963,15711,16496,17320,18186,19095,20049,21051,22103,23208,24368,25586,26865,28208,29618,31098,32652,34284,35998,37797,39686,41670,43753,45940,48236,50647,53179,55837,58628,61559,64636,67867,71260,74822,78563,82491,86615,90945,95492,100266,105279,110542,116069,121872,127965,134363,141081,148135,155541,163318,171483,180057,189059,198511,208436,218857,229799,241288,253352,266019,279319,293284,307948,323345,339512,356487,374311,393026,412677,433310,454975,477723,501609,526689,553023,580674,609707,640192,672201,705811,741101,778156,817063,857916,900811,945851,993143,1042800,1094940,1149687,1207171,1267529,1330905,1397450,1467322,1540688,1617722,1698608,1783538,1872714,1966349,2064666,2167899,2276293,2390107,2509612,2635092,2766846,2905188,3050447,3202969,3363117,3531272,3707835,3893226,4087887,4292281,4506895,4732239,4968850,5217292,5478156,5752063,6039666,6341649,6658731,6991667,7341250,7708312,8093727,8498413,8923333,9369499,9837973,10329871,10846364,11388682,11958116,12556021,13183822,13843013,14535163,15261921,16025017,16826267,17667580,18550958,19478505,20452430,21475051,22548803,23676243,24860055,26103057,27408209,28778619,30217549,31728426,33314847,34980589,36729618,38566098,40494402,42519122,44645078,46877331,49221197],"y":[0.390827,0.3874548,0.3708208,0.3773958,0.3736524,0.369123,0.3711778,0.3831478,0.386779,0.3455676,0.3716718,0.3720978,0.3748216,0.3657548,0.3698236,0.371609,0.3645324,0.38233,0.3879522,0.3734028,0.4111772,0.3718738,0.374049,0.371145,0.3659238,0.3826818,0.34317,0.3660612,0.5021834,0.351942,0.3599814,0.3491436,0.3509928,0.3960778,0.3524294,0.3623748,0.4019418,0.4171198,0.357219,0.3601182,0.3918002,0.3809928,0.363006,0.3519664,0.3588416,0.3691562,0.3723082,0.3949222,0.3696572,0.3551428,0.3518624,0.3658186,0.405705,0.365249,0.3922406,0.3697592,0.41438,0.3487742,0.365852,0.3521272,0.3936272,0.3669502,0.4396312,0.3752414,0.3943716,0.380622,0.3739714,0.3676102,0.3754476,0.4337186,0.3812246,0.3613696,0.349191,0.3569932,0.4464214,0.3757032,0.4937752,0.3584288,0.3573032,0.5316854,0.3440032,0.3428758,0.3878088,0.352379,0.3654024,0.4382658,0.358922,0.4046296,0.3568198,0.428462,0.3769484,0.355633,0.3714986,0.3502282,0.9072736,0.411185,0.4047424,0.3604466,0.3811314,0.3608946,0.359142,0.3641738,0.382866,0.4027376,0.3579356,0.3714236,0.363673,0.366832,0.3491908,0.3744826,0.4066864,0.391083,0.3588536,0.3771764,0.3622364,0.3520454,0.3634644,0.4120584,0.3601204,0.6402332,0.39246,0.3702422,0.3710624,0.3599378,0.3541162,0.3603188,0.3704864,0.4017256,0.38617,0.4024036,0.3625528,0.360803,0.3783262,0.381804,0.398071,0.3840056,0.3665748,0.3757592,0.3760912,0.904233,0.364882,0.3730856,0.3891542,0.369028,0.3617586,0.396457,0.4121572,0.361906,0.3731428,0.3746304,0.38581,0.4708618,0.372815,0.387522,0.388601,0.3776946,0.377195,0.4163066,0.377148,0.3899982,0.4113368,0.4057868,0.4024184,0.3918712,0.43171,0.429399,0.4063054,0.4357838,0.411154,0.4023108,0.4217386,0.4183958,0.4249012,0.462609,0.4453636,0.4367546,0.4597082,0.4552926,0.4334906,0.440386,0.5854918,0.4774408,0.490585,0.4799164,0.4800624,0.5103426,0.5047348,0.5162294,0.4953598,0.521683,0.51321,0.5256422,0.5409482,0.544972,0.597403,0.5687046,0.5918658,0.6481904,0.6134174,0.632269,0.6497478,0.6456788,0.6749532,0.6952332,0.679417,0.6672578,0.7187458,0.7411502,0.776659,0.8151914,0.7802958,0.9322514,0.8429392,0.8335208,0.867799,0.8976522,0.8758758,0.9098622,0.965046,0.9562386,0.9976994,1.0772388,1.0869114,1.1155488,1.1006026,1.0989784,1.1893986,1.2027156,1.413193,1.3377424,1.351893,1.3943418,1.463708,1.494541,1.607234,1.5847382,1.7069682,1.7205564,1.807431,1.864436,1.8774918,1.9684202,2.0502008,2.120959,2.1204462,2.397151,2.4969094,2.3940412,2.6761534,2.63131,2.6571516,2.8732576,2.7244072,2.8624512,2.9179794,2.9508174,3.19884,3.2842506,3.3834226,3.5381836,3.6568862,3.7855852,3.835969,4.0481604,4.4725698,4.3707658,4.5434398,4.5419798,4.6590106,5.0567,5.0749396,5.171028,5.7992056,5.9121732,6.2315548,6.7229246,6.584309,7.4267166,7.2491306,7.6547246,7.9344376,8.4685368,8.5337786,8.9603384,9.614669,9.5916736,10.3375588,10.9968966,11.4097458,11.4032812]},"TASK_PARALLEL":{"x":[10,15,20,25,30,35,40,45,50,55,60,65,70,75,80,85,90,95,100,105,110,115,120,125,131,137,143,150,157,164,172,180,188,197,206,216,226,237,248,260,272,285,299,313,328,344,361,379,397,416,436,457,479,502,527,553,580,609,639,670,703,738,774,812,852,894,938,984,1033,1084,1138,1194,1253,1315,1380,1448,1520,1596,1675,1758,1845,1937,2033,2134,2240,2351,2468,2591,2720,2856,2998,3147,3304,3469,3642,3824,4015,4215,4425,4646,4878,5121,5377,5645,5927,6223,6534,6860,7202,7562,7940,8337,8753,9190,9649,10131,10637,11168,11726,12312,12927,13573,14251,14963,15711,16496,17320,18186,19095,20049,21051,22103,23208,24368,25586,26865,28208,29618,31098,32652,34284,35998,37797,39686,41670,43753,45940,48236,50647,53179,55837,58628,61559,64636,67867,71260,74822,78563,82491,86615,90945,95492,100266,105279,110542,116069,121872,127965,134363,141081,148135,155541,163318,171483,180057,189059,198511,208436,218857,229799,241288,253352,266019,279319,293284,307948,323345,339512,356487,374311,393026,412677,433310,454975,477723,501609,526689,553023,580674,609707,640192,672201,705811,741101,778156,817063,857916,900811,945851,993143,1042800,1094940,1149687,1207171,1267529,1330905,1397450,1467322,1540688,1617722,1698608,1783538,1872714,1966349,2064666,2167899,2276293,2390107,2509612,2635092,2766846,2905188,3050447,3202969,3363117,3531272,3707835,3893226,4087887,4292281,4506895,4732239,4968850,5217292,5478156,5752063,6039666,6341649,6658731,6991667,7341250,7708312,8093727,8498413,8923333,9369499,9837973,10329871,10846364,11388682,11958116,12556021,13183822,13843013,14535163,15261921,16025017,16826267,17667580,18550958,19478505,20452430,21475051,22548803,23676243,24860055,26103057,27408209,28778619,30217549,31728426,33314847,34980589,36729618,38566098,40494402,42519122,44645078,46877331,49221197],