{"LOOP_PARALLEL_DYNAMIC":{"x":[10,15,20,25,30,35,40,45,50,55,60,65,70,75,80,85,90,95,100,105,110,115,120,125,131,137,143,150,157,164,172,180,188,197,206,216,226,237,248,260,272,285,299,313,328,344,361,379,397,416,436,457,479,502,527,553,580,609,639,670,703,738,774,812,852,894,938,984,1033,1084,1138,1194,1253,1315,1380,1448,1520,1596,1675,1758,1845,1937,2033,2134,2240,2351,2468,2591,2720,2856,2998,3147,3304,3469,3642,3824,4015,4215,4425,4646,4878,5121,5377,5645,5927,6223,6534,6860,7202,7562,7940,8337,8753,9190,9649,10131,10637,11168,11726,12312,12927,13573,14251,14963,15711,16496,17320,18186,19095,20049,21051,22103,23208,24368,25586,26865,28208,29618,31098,32652,34284,35998,37797,39686,41670,43753,45940,48236,50647,53179,55837,58628,61559,64636,67867,71260,74822,78563,82491,86615,90945,95492,100266,105279,110542,116069,121872,127965,134363,141081,148135,155541,163318,171483,180057,189059,198511,208436,218857,229799,241288,253352,266019,279319,293284,307948,323345,339512,356487,374311,393026,412677,433310,454975,477723,501609,526689,553023,580674,609707,640192,672201,705811,741101,778156,817063,857916,900811,945851,993143,1042800,1094940,1149687,1207171,1267529,1330905,1397450,1467322,1540688,1617722,1698608,1783538,1872714,1966349,2064666,2167899,2276293,2390107,2509612,2635092,2766846,2905188,3050447,3202969,3363117,3531272,3707835,3893226,4087887,4292281,4506895,4732239,4968850,5217292,5478156,5752063,6039666,6341649,6658731,6991667,7341250,7708312,8093727,8498413,8923333,9369499,9837973,10329871,10846364,11388682,11958116,12556021,13183822,13843013,14535163,15261921,16025017,16826267,17667580,18550958,19478505,20452430,21475051,22548803,23676243,24860055,26103057,27408209,28778619,30217549,31728426,33314847,34980589,36729618,38566098,40494402,42519122,44645078,46877331,49221197],"y":[0.4670148,0.5187278,0.4720196,0.466158,0.4711154,0.448985,0.4820122,0.4754214,0.4520466,0.4859678,0.4468784,0.452385,0.443208,0.4312248,0.4497672,1.0498146,2.41312,0.4361592,0.4437976,0.442933,0.4413922,0.4485452,0.4526206,0.444389,0.4762408,0.4408026,0.4538686,0.60547,0.4276666,0.457675,0.4388826,0.45098,0.5182522,0.4216336,0.4789348,0.439952,0.4347326,0.4702612,0.4392068,0.529798,0.511534,1.0968442,0.447172,0.4503462,0.4444808,0.4334534,0.4495056,0.4668572,0.4616902,0.5316024,0.5258498,0.4595134,0.5438662,0.4760566,0.494362,0.4507902,0.4686164,0.473213,0.487381,0.5014662,0.8827368,0.4462608,0.4573606,0.505837,0.4673834,0.4388236,0.509281,0.453703,0.4357342,1.896739,0.4763334,0.4496534,0.489212,0.4757624,0.6992954,0.4638372,0.6902292,0.8215548,0.5174664,0.5454796,0.4698556,0.439778,0.5182384,0.4801994,0.5936,0.5251164,0.4575496,0.4772636,0.530989,0.5084946,0.460642,0.460091,0.4666362,0.4547772,4.723139,0.522967,0.47847,0.528804,0.4917734,0.5327238,0.5037424,0.4528634,0.4558382,1.0464312,0.4810358,0.445032,0.451351,0.909745,1.0875938,0.6111188,1.0168718,0.6168494,0.4518654,0.451398,0.4802432,0.439374,0.4676562,0.463188,0.5452136,0.4987304,0.5637346,0.5073344,0.4871288,0.438849,0.4621842,0.4888366,0.4452114,0.511711,1.0368106,0.4500984,0.4703762,0.4494106,0.5085858,0.5773044,0.4580188,0.501035,1.6176572,0.4485532,2.3090746,0.5037452,0.4758406,0.461234,0.5378412,0.4629156,0.475501,0.4757544,0.455188,0.534948,0.4540012,0.4485436,0.5205536,0.5093526,0.6518092,0.4895578,0.4678918,0.4835026,0.5057806,0.4937204,0.5108328,0.5117152,0.4697778,0.5057296,0.477444,0.5045628,0.4872442,0.5245736,0.5344704,0.5013072,0.4929026,0.611553,0.5096568,0.523353,0.5005294,0.613047,0.520399,0.5678044,0.5199102,0.7042628,0.5322658,0.5626086,0.5257028,0.5841284,0.7422666,0.5815572,0.5799622,0.751296,0.6101926,1.1810178,0.6055252,0.6003958,0.659294,0.7543278,0.6152956,0.6980858,0.6825204,0.6397192,0.6781432,0.7006486,0.7033224,0.6818756,0.704835,0.7695616,0.76176,0.742125,0.7447124,0.7980268,1.0057012,0.8476814,0.8094864,0.8454588,1.4111594,0.86608,0.889774,0.951354,0.9772976,0.9983236,0.993905,1.0472436,1.0595414,1.0459892,1.1002552,1.1394876,1.1861822,1.1738028,1.215918,1.2524394,1.2771982,1.316284,1.506092,1.4435124,1.4082616,1.5087358,1.5765134,1.5982252,1.628529,1.668898,1.7288942,1.7777424,1.9276282,1.9724014,2.0693806,2.1168368,2.1783252,2.2471228,2.3389074,2.4462092,2.5077788,2.5814272,2.5212148,2.8230278,2.780887,2.6474784,3.1141918,2.9175086,3.063111,3.3406806,3.1977676,3.2991294,3.348702,3.5900802,3.7133646,3.9117684,3.8501052,3.9885774,4.3169446,4.2715036,4.2171632,4.7389018,4.6325818,4.9501968,5.4845742,5.3366352,5.736825,6.0326944,6.1781818,6.3185672,6.6842306,6.8681312,6.9976688,8.0503278,7.7396412,7.9231958,8.3143192,8.8665534,9.069733,9.1591646,9.8442672,11.0180832,11.531822,11.141249]},"TASK_PARALLEL":{"x":[10,15,20,25,30,35,40,45,50,55,60,65,70,75,80,85,90,95,100,105,110,115,120,125,131,137,143,150,157,164,172,180,188,197,206,216,226,237,248,260,272,285,299,313,328,344,361,379,397,416,436,457,479,502,527,553,580,609,639,670,703,738,774,812,852,894,938,984,1033,1084,1138,1194,1253,1315,1380,1448,1520,1596,1675,1758,1845,1937,2033,2134,2240,2351,2468,2591,2720,2856,2998,3147,3304,3469,3642,3824,4015,4215,4425,4646,4878,5121,5377,5645,5927,6223,6534,6860,7202,7562,7940,8337,8753,9190,9649,10131,10637,11168,11726,12312,12927,13573,14251,14963,15711,16496,17320,18186,19095,20049,21051,22103,23208,24368,25586,26865,28208,29618,31098,32652,34284,35998,37797,39686,41670,43753,45940,48236,50647,53179,55837,58628,61559,64636,67867,71260,74822,78563,82491,86615,90945,95492,100266,105279,110542,116069,121872,127965,134363,141081,148135,155541,163318,171483,180057,189059,198511,208436,218857,229799,241288,253352,266019,279319,293284,307948,323345,339512,356487,374311,393026,412677,433310,454975,477723,501609,526689,553023,580674,609707,640192,672201,705811,741101,778156,817063,857916,900811,945851,993143,1042800,1094940,1149687,1207171,1267529,1330905,1397450,1467322,1540688,1617722,1698608,1783538,1872714,1966349,2064666,2167899,2276293,2390107,2509612,2635092,2766846,2905188,3050447,3202969,3363117,3531272,3707835,3893226,4087887,4292281,4506895,4732239,4968850,5217292,5478156,5752063,6039666,6341649,6658731,6991667,7341250,7708312,8093727,8498413,8923333,9369499,9837973,10329871,10846364,11388682,11958116,12556021,13183822,13843013,14535163,15261921,16025017,16826267,17667580,18550958,19478505,20452430,21475051,22548803,23676243,24860055,26103057,27408209,28778619,30217549,31728426,33314847,34980589,36729618,38566098,40494402,42519122,44645078,46877331,49221197],