{"LOOP_PARALLEL_DYNAMIC":{"x":[10,15,20,25,30,35,40,45,50,55,60,65,70,75,80,85,90,95,100,105,110,115,120,125,131,137,143,150,157,164,172,180,188,197,206,216,226,237,248,260,272,285,299,313,328,344,361,379,397,416,436,457,479,502,527,553,580,609,639,670,703,738,774,812,852,894,938,984,1033,1084,1138,1194,1253,1315,1380,1448,1520,1596,1675,1758,1845,1937,2033,2134,2240,2351,2468,2591,2720,2856,2998,3147,3304,3469,3642,3824,4015,4215,4425,4646,4878,5121,5377,5645,5927,6223,6534,6860,7202,7562,7940,8337,8753,9190,9649,10131,10637,11168,11726,12312,12927,13573,14251,14963,15711,16496,17320,18186,19095,20049,21051,22103,23208,24368,25586,26865,28208,29618,31098,32652,34284,35998,37797,39686,41670,43753,45940,48236,50647,53179,55837,58628,61559,64636,67867,71260,74822,78563,82491,86615,90945,95492,100266,105279,110542,116069,121872,127965,134363,141081,148135,155541,163318,171483,180057,189059,198511,208436,218857,229799,241288,253352,266019,279319,293284,307948,323345,339512,356487,374311,393026,412677,433310,454975,477723,501609,526689,553023,580674,609707,640192,672201,705811,741101,778156,817063,857916,900811,945851,993143,1042800,1094940,1149687,1207171,1267529,1330905,1397450,1467322,1540688,1617722,1698608,1783538,1872714,1966349,2064666,2167899,2276293,2390107,2509612,2635092,2766846,2905188,3050447,3202969,3363117,3531272,3707835,3893226,4087887,4292281,4506895,4732239,4968850,5217292,5478156,5752063,6039666,6341649,6658731,6991667,7341250,7708312,8093727,8498413,8923333,9369499,9837973,10329871,10846364,11388682,11958116,12556021,13183822,13843013,14535163,15261921,16025017,16826267,17667580,18550958,19478505,20452430,21475051,22548803,23676243,24860055,26103057,27408209,28778619,30217549,31728426,33314847,34980589,36729618,38566098,40494402,42519122,44645078,46877331,49221197],"y":[3.457512,3.7157862,4.4269982,3.3349572,3.3166218,3.4385004,3.3889978,3.3194912,3.3023948,3.1181794,3.1086674,3.3478678,3.3799222,3.2446758,2.8820836,3.155852,4.5519762,4.0185958,3.1288674,3.3795452,3.3695642,3.288555,3.4222848,3.3349294,3.2967018,3.9863504,3.1578466,3.226949,3.2235218,3.2487238,3.272035,3.1540154,3.8892682,3.2075752,3.8793998,3.4078034,2.946028,3.4252374,2.7862222,3.4354596,2.7468478,3.8608588,3.1468028,3.0639032,3.4171618,2.8175556,3.1351726,3.468732,3.4250838,3.2495976,3.1913226,3.5436326,3.409565,3.5315562,3.4751074,2.8113966,3.6636602,3.3389108,2.3960034,3.5223804,3.3120488,3.7346724,3.6352956,3.5689544,3.422321,3.364936,3.4379474,3.249422,3.2358438,3.8340048,2.9808934,3.4830056,3.897556,3.3246764,3.8060622,3.1744578,7.1902096,5.7956208,4.258655,3.290942,4.4203778,3.5332862,3.5802042,4.1122556,3.4857448,3.1613118,2.6827062,3.253104,3.3476678,3.7382946,3.5291098,3.3894022,2.8836042,3.3664322,4.9070014,3.77081,3.7178754,3.5473194,3.3219462,2.916432,3.5414306,3.1787026,3.3160734,2.7768556,3.9567348,3.4670148,3.714104,3.2779222,3.478652,4.9472682,6.4463316,3.588485,2.8285896,3.671319,3.4024276,4.3268322,4.1231654,3.545577,3.49156,3.8566862,3.4941996,3.5107506,4.0606148,2.8402084,3.4445474,3.5348622,3.2892854,4.2402976,6.4232428,3.1623924,3.3654572,3.0951988,3.4838132,3.589739,3.1239408,3.6019662,5.1353274,3.292979,12.3119436,3.2463646,3.164608,3.3527906,3.4027602,3.185784,3.4145588,2.9493946,3.3282078,3.4302228,3.1813486,3.3832724,4.1854026,3.8249034,3.4421066,2.8839728,3.303724,2.8226694,3.3067754,3.1316232,3.4292776,3.4155702,3.4433226,3.220281,3.4168968,3.4128732,3.4810772,3.9706054,3.2305552,3.4773552,2.7887626,3.6144844,3.4633422,3.1298836,3.3623336,3.3713866,3.5677022,3.2591164,4.0162882,3.71018,2.7818448,3.3786952,3.2128892,3.5442412,3.304741,2.9636284,3.2902714,2.8446502,3.428666,3.4398064,3.6497558,3.2840994,3.6872226,3.384121,3.0007746,3.391824,3.377721,3.9002562,3.3552954,3.4445676,3.4467392,3.4940646,3.6154226,4.1935986,3.3553698,3.1475594,3.4591336,3.4414352,6.8771796,3.7113444,2.9935416,3.8188318,3.5388982,4.2713888,3.4509908,4.7965352,3.4719592,3.908889,3.688017,3.5676074,3.7101836,3.8147768,3.8123164,3.367104,4.007772,4.0294078,3.8674926,3.5869948,3.5265088,4.1075264,3.8405026,4.1024144,4.2596796,4.3314246,4.5390482,4.4263566,4.5165666,4.4871972,4.641393,4.6175156,4.6137248,4.6694886,4.8898312,4.9968786,5.1207224,5.2434906,4.7345542,5.2476346,5.326229,4.687586,5.3581124,5.3465548,5.1990588,5.3548574,5.710816,5.2665218,5.9922508,6.1009858,5.408135,5.792812,6.3092674,6.3792294,6.714892,6.649704,6.7786384,6.779788,6.9731248,7.1304216,7.2202836,7.3555284,7.4326114,7.1454578,8.2263914,7.4714858,8.482751,8.0357568,8.277752,8.513637,9.2772796,9.1354532,9.7697582,10.1541588,10.2730512,10.7726316,11.099629,11.0238742,11.9204844,10.7507466,12.083492,13.3622312,14.0715088,14.0762374]},"TASK_PARALLEL":{"x":[10,15,20,25,30,35,40,45,50,55,60,65,70,75,80,85,90,95,100,105,110,115,120,125,131,137,143,150,157,164,172,180,188,197,206,216,226,237,248,260,272,285,299,313,328,344,361,379,397,416,436,457,479,502,527,553,580,609,639,670,703,738,774,812,852,894,938,984,1033,1084,1138,1194,1253,1315,1380,1448,1520,1596,1675,1758,1845,1937,2033,2134,2240,2351,2468,2591,2720,2856,2998,3147,3304,3469,3642,3824,4015,4215,4425,4646,4878,5121,5377,5645,5927,6223,6534,6860,7202,7562,7940,8337,8753,9190,9649,10131,10637,11168,11726,12312,12927,13573,14251,14963,15711,16496,17320,18186,19095,20049,21051,22103,23208,24368,25586,26865,28208,29618,31098,32652,34284,35998,37797,39686,41670,43753,45940,48236,50647,53179,55837,58628,61559,64636,67867,71260,74822,78563,82491,86615,90945,95492,100266,105279,110542,116069,121872,127965,134363,141081,148135,155541,163318,171483,180057,189059,198511,208436,218857,229799,241288,253352,266019,279319,293284,307948,323345,339512,356487,374311,393026,412677,433310,454975,477723,501609,526689,553023,580674,609707,640192,672201,705811,741101,778156,817063,857916,900811,945851,993143,1042800,1094940,1149687,1207171,1267529,1330905,1397450,1467322,1540688,1617722,1698608,1783538,1872714,1966349,2064666,2167899,2276293,2390107,2509612,2635092,2766846,2905188,3050447,3202969,3363117,3531272,3707835,3893226,4087887,4292281,4506895,4732239,4968850,5217292,5478156,5752063,6039666,6341649,6658731,6991667,7341250,7708312,8093727,8498413,8923333,9369499,9837973,10329871,10846364,11388682,11958116,12556021,13183822,13843013,14535163,15261921,16025017,16826267,17667580,18550958,19478505,20452430,21475051,22548803,23676243,24860055,26103057,27408209,28778619,30217549,31728426,33314847,34980589,36729618,38566098,40494402,42519122,44645078,46877331,49221197],