{"LOOP_PARALLEL_DYNAMIC":{"x":[10,15,20,25,30,35,40,45,50,55,60,65,70,75,80,85,90,95,100,105,110,115,120,125,131,137,143,150,157,164,172,180,188,197,206,216,226,237,248,260,272,285,299,313,328,344,361,379,397,416,436,457,479,502,527,553,580,609,639,670,703,738,774,812,852,894,938,984,1033,1084,1138,1194,1253,1315,1380,1448,1520,1596,1675,1758,1845,1937,2033,2134,2240,2351,2468,2591,2720,2856,2998,3147,3304,3469,3642,3824,4015,4215,4425,4646,4878,5121,5377,5645,5927,6223,6534,6860,7202,7562,7940,8337,8753,9190,9649,10131,10637,11168,11726,12312,12927,13573,14251,14963,15711,16496,17320,18186,19095,20049,21051,22103,23208,24368,25586,26865,28208,29618,31098,32652,34284,35998,37797,39686,41670,43753,45940,48236,50647,53179,55837,58628,61559,64636,67867,71260,74822,78563,82491,86615,90945,95492,100266,105279,110542,116069,121872,127965,134363,141081,148135,155541,163318,171483,180057,189059,198511,208436,218857,229799,241288,253352,266019,279319,293284,307948,323345,339512,356487,374311,393026,412677,433310,454975,477723,501609,526689,553023,580674,609707,640192,672201,705811,741101,778156,817063,857916,900811,945851,993143,1042800,1094940,1149687,1207171,1267529,1330905,1397450,1467322,1540688,1617722,1698608,1783538,1872714,1966349,2064666,2167899,2276293,2390107,2509612,2635092,2766846,2905188,3050447,3202969,3363117,3531272,3707835,3893226,4087887,4292281,4506895,4732239,4968850,5217292,5478156,5752063,6039666,6341649,6658731,6991667,7341250,7708312,8093727,8498413,8923333,9369499,9837973,10329871,10846364,11388682,11958116,12556021,13183822,13843013,14535163,15261921,16025017,16826267,17667580,18550958,19478505,20452430,21475051,22548803,23676243,24860055,26103057,27408209,28778619,30217549,31728426,33314847,34980589,36729618,38566098,40494402,42519122,44645078,46877331,49221197],"y":[0.142733,0.1466806,0.1451028,0.1427606,0.1309408,0.1358868,0.13784,0.143344,0.1339552,0.1364622,0.1320018,0.132212,0.1323004,0.1319014,0.1312922,0.141,0.1317836,0.1311334,0.1381388,0.1368222,0.1394514,0.1333952,0.1370144,0.1308892,0.134071,0.1516642,0.14671,0.1455466,0.1388872,0.1335366,0.1414572,0.1385158,0.1421002,0.131933,0.134851,0.1338644,0.1336916,0.1326936,0.1341026,0.1506792,0.1445154,0.143592,0.1371432,0.1393608,0.132085,0.1371136,0.1348666,0.265356,0.1411896,0.1389446,0.13611,0.1361904,0.1363438,0.1385338,0.1415628,0.1436606,0.1385868,0.1353284,0.1351084,0.1454444,0.1459374,0.1415392,0.1379976,0.1338256,0.1360492,0.1476958,0.1422856,0.1337492,0.1331734,0.1394294,0.1342146,0.1364046,0.1400584,0.1372846,0.1432404,0.1343506,0.1436232,0.1406712,0.1353616,0.138206,0.1335582,0.1387736,0.1377756,0.1393942,0.1360648,0.146386,0.1339648,0.150003,0.1373422,0.1384954,0.138364,0.1358824,0.1323674,0.1360198,0.154734,0.1378158,0.1420968,0.1358746,0.1393128,0.14792,0.144991,0.1357486,0.1474038,0.1417944,0.1495804,0.1346998,0.134399,0.137686,0.1374818,0.1409788,0.1370948,0.17278,0.1420596,0.1488064,0.1447354,0.140181,0.150533,0.1614336,0.162118,0.1429336,0.1484016,0.1430988,0.1421146,0.1410202,0.1495018,0.1527732,0.1420208,0.149715,0.1507768,0.1466364,0.145076,0.1500274,0.1482368,0.1515374,0.1539532,0.1506646,0.1530824,0.1618012,0.1560116,0.1537926,0.1576532,0.157567,0.1618502,0.1591804,0.1579206,0.1628604,0.1791258,0.1995646,0.1607588,0.169106,0.166177,0.1669416,0.1689682,0.1736452,0.1720674,0.1743742,0.178415,0.1869104,0.2082272,0.1825674,0.1829128,0.1871388,0.1967678,0.1906598,0.1941108,0.2002834,0.1966462,0.207604,0.22192,0.203592,0.216408,0.2128572,0.2303206,0.2334514,0.2416058,0.2465622,0.3686378,0.2483242,0.2446434,0.2679764,0.2578422,0.263704,0.2796078,0.3039586,0.3145902,0.3178098,0.325424,0.3278934,0.3384594,0.3462114,0.3507524,0.348816,0.3676,0.3971698,0.3915792,0.392449,0.4144946,0.4139726,0.4527022,0.4688178,0.4858034,0.6158388,0.4908146,0.5433754,0.5741156,0.562572,0.5889832,0.5784586,0.6118766,0.8075028,0.6821652,0.7273324,0.7450294,0.736207,0.751325,0.822707,0.8786568,0.9124454,0.8825998,0.9581908,0.9388108,1.0409542,1.0210412,1.09515,1.1355504,1.2075434,1.3236374,1.3128304,1.3075284,1.4098058,1.4171264,1.4096294,1.6422162,1.7538362,1.6741086,1.8193138,1.8371464,1.8551138,2.0249428,2.1112592,2.1017994,2.2565032,2.3049628,2.5141474,2.5740354,2.5832396,2.5837538,2.7697644,2.9028122,2.968902,3.268773,3.387453,3.2919824,3.415292,3.4600026,3.581051,3.7609972,3.8043566,3.9442532,4.233977,4.5004266,4.3888362,4.5642078,4.6887452,5.5457086,5.218515,5.4017682,5.8529712,5.9312664,6.2926796,6.3891358,6.3151908,6.8562526,7.263727,7.1315184,7.9337904,8.377077,8.2246998,8.9227206,9.0947104,9.55718,10.8321136,11.5550382,11.1662602,12.0406542,11.3860684,13.1394876,14.8436988,17.8764988,15.0289532]},"TASK_PARALLEL":{"x":[10,15,20,25,30,35,40,45,50,55,60,65,70,75,80,85,90,95,100,105,110,115,120,125,131,137,143,150,157,164,172,180,188,197,206,216,226,237,248,260,272,285,299,313,328,344,361,379,397,416,436,457,479,502,527,553,580,609,639,670,703,738,774,812,852,894,938,984,1033,1084,1138,1194,1253,1315,1380,1448,1520,1596,1675,1758,1845,1937,2033,2134,2240,2351,2468,2591,2720,2856,2998,3147,3304,3469,3642,3824,4015,4215,4425,4646,4878,5121,5377,5645,5927,6223,6534,6860,7202,7562,7940,8337,8753,9190,9649,10131,10637,11168,11726,12312,12927,13573,14251,14963,15711,16496,17320,18186,19095,20049,21051,22103,23208,24368,25586,26865,28208,29618,31098,32652,34284,35998,37797,39686,41670,43753,45940,48236,50647,53179,55837,58628,61559,64636,67867,71260,74822,78563,82491,86615,90945,95492,100266,105279,110542,116069,121872,127965,134363,141081,148135,155541,163318,171483,180057,189059,198511,208436,218857,229799,241288,253352,266019,279319,293284,307948,323345,339512,356487,374311,393026,412677,433310,454975,477723,501609,526689,553023,580674,609707,640192,672201,705811,741101,778156,817063,857916,900811,945851,993143,1042800,1094940,1149687,1207171,1267529,1330905,1397450,1467322,1540688,1617722,1698608,1783538,1872714,1966349,2064666,2167899,2276293,2390107,2509612,2635092,2766846,2905188,3050447,3202969,3363117,3531272,3707835,3893226,4087887,4292281,4506895,4732239,4968850,5217292,5478156,5752063,6039666,6341649,6658731,6991667,7341250,7708312,8093727,8498413,8923333,9369499,9837973,10329871,10846364,11388682,11958116,12556021,13183822,13843013,14535163,15261921,16025017,16826267,17667580,18550958,19478505,20452430,21475051,22548803,23676243,24860055,26103057,27408209,28778619,30217549,31728426,33314847,34980589,36729618,38566098,40494402,42519122,44645078,46877331,49221197],