{"LOOP_PARALLEL_DYNAMIC":{"x":[10,15,20,25,30,35,40,45,50,55,60,65,70,75,80,85,90,95,100,105,110,115,120,125,131,137,143,150,157,164,172,180,188,197,206,216,226,237,248,260,272,285,299,313,328,344,361,379,397,416,436,457,479,502,527,553,580,609,639,670,703,738,774,812,852,894,938,984,1033,1084,1138,1194,1253,1315,1380,1448,1520,1596,1675,1758,1845,1937,2033,2134,2240,2351,2468,2591,2720,2856,2998,3147,3304,3469,3642,3824,4015,4215,4425,4646,4878,5121,5377,5645,5927,6223,6534,6860,7202,7562,7940,8337,8753,9190,9649,10131,10637,11168,11726,12312,12927,13573,14251,14963,15711,16496,17320,18186,19095,20049,21051,22103,23208,24368,25586,26865,28208,29618,31098,32652,34284,35998,37797,39686,41670,43753,45940,48236,50647,53179,55837,58628,61559,64636,67867,71260,74822,78563,82491,86615,90945,95492,100266,105279,110542,116069,121872,127965,134363,141081,148135,155541,163318,171483,180057,189059,198511,208436,218857,229799,241288,253352,266019,279319,293284,307948,323345,339512,356487,374311,393026,412677,433310,454975,477723,501609,526689,553023,580674,609707,640192,672201,705811,741101,778156,817063,857916,900811,945851,993143,1042800,1094940,1149687,1207171,1267529,1330905,1397450,1467322,1540688,1617722,1698608,1783538,1872714,1966349,2064666,2167899,2276293,2390107,2509612,2635092,2766846,2905188,3050447,3202969,3363117,3531272,3707835,3893226,4087887,4292281,4506895,4732239,4968850,5217292,5478156,5752063,6039666,6341649,6658731,6991667,7341250,7708312,8093727,8498413,8923333,9369499,9837973,10329871,10846364,11388682,11958116,12556021,13183822,13843013,14535163,15261921,16025017,16826267,17667580,18550958,19478505,20452430,21475051,22548803,23676243,24860055,26103057,27408209,28778619,30217549,31728426,33314847,34980589,36729618,38566098,40494402,42519122,44645078,46877331,49221197],"y":[0.2364374,0.2301414,0.2326684,0.2532388,0.2308664,0.2247296,0.2230062,0.2288012,0.2238118,0.2226524,0.2222082,0.2231714,0.213222,0.2156962,0.236565,0.2287816,0.2240102,0.2259792,0.2151554,0.2246628,0.2522994,0.2293394,0.2275726,0.2265904,0.2251522,0.2319414,0.231397,0.2204144,0.221208,0.2276534,0.2311314,0.2282196,0.2224182,0.2209074,0.2223224,0.2200624,0.2294554,0.2146822,0.2297302,0.2377682,0.2353486,0.2188774,0.240915,0.2167226,0.2344226,0.2285596,0.2345312,0.2623682,0.217821,0.2219672,0.2292726,0.21896,0.2362004,0.226219,0.2191194,0.2168206,0.2239926,0.2265914,0.228699,0.2161294,0.2549832,0.2421288,0.229206,0.2135092,0.2232306,0.2199662,0.2346826,0.2381352,0.222111,0.2304196,0.2259118,0.2157464,0.2284238,0.2190462,0.2338476,0.2201308,0.2892666,0.2234504,0.362126,0.2221224,0.233439,0.2310366,0.2240144,0.2156934,0.2321916,0.218945,0.2248706,0.2223778,0.2229848,0.2372034,0.2194562,0.240512,0.2166366,0.23003,0.2367358,0.228765,0.2322288,0.232221,0.237685,0.2400878,0.225796,0.219346,0.23628,0.234765,0.2302464,0.2395614,0.2285566,0.2210122,0.2293994,0.2320222,0.2214662,0.2586368,0.2325056,0.2415044,0.2209844,0.2345942,0.228081,0.2213324,0.2481434,0.2426104,0.2288532,0.2228724,0.229301,0.232764,0.224621,0.2463984,0.2312002,0.265213,0.229195,0.2264964,0.2288768,0.2314558,0.231731,0.2391954,0.2491344,0.2374006,0.2559442,0.2390462,0.245695,0.242423,0.239195,0.2523212,0.2531486,0.247436,0.2583462,0.2402372,0.2522798,0.2613286,0.2409488,0.2418924,0.2642852,0.2770982,0.2486728,0.2488772,0.2719232,0.2625826,0.2708128,0.2602244,0.2598018,0.283231,0.2748886,0.2856834,0.267574,0.2600022,0.2715302,0.279613,0.272965,0.2785102,0.297175,0.332524,0.3030594,0.3093098,0.318341,0.3146816,0.3185886,0.3137056,0.3270306,0.484129,0.3359812,0.3392808,0.3272688,0.3514234,0.3646298,0.3605756,0.3776446,0.4141982,0.4186574,0.3985818,0.443741,0.4247372,0.4203696,0.4286916,0.4740046,0.469498,0.4784816,0.4561158,0.4736158,0.521975,0.5313392,0.5301162,0.5516282,0.5595912,0.5508974,0.5854232,0.5828886,0.6423498,0.631558,0.6156162,0.6931878,0.8002094,0.8503646,0.728039,0.7664434,0.788652,0.7864042,0.8300274,0.8507784,0.8803802,0.8896754,0.9015154,0.922642,0.967165,0.9734154,1.0435406,1.09269,1.0816064,1.1450218,1.2154032,1.248153,1.2927928,1.318294,1.4090312,1.4599022,1.4607288,1.6380136,1.599384,1.6688358,1.6565822,1.8236894,1.8607504,1.9260308,2.162295,2.0146258,2.0795796,2.1173276,2.470319,2.4184198,2.4203322,2.407278,2.5924438,2.6937414,2.954698,2.8899466,2.8764026,3.0264716,3.2151826,3.296289,3.5267588,3.3724844,3.8031352,3.823302,3.7210578,4.0772054,4.0530316,4.2061744,4.7912212,4.516739,4.7551244,5.1079306,5.0743918,5.6167792,5.2729802,5.7645144,6.3827266,6.5156138,6.5518146,6.8748278,7.0389662,7.7839776,7.8485982,8.7989504,8.937734,9.1667698,9.1349024,9.7337824,9.9628174,10.299782,11.774317,13.0982556,13.1536006]},"TASK_PARALLEL":{"x":[10,15,20,25,30,35,40,45,50,55,60,65,70,75,80,85,90,95,100,105,110,115,120,125,131,137,143,150,157,164,172,180,188,197,206,216,226,237,248,260,272,285,299,313,328,344,361,379,397,416,436,457,479,502,527,553,580,609,639,670,703,738,774,812,852,894,938,984,1033,1084,1138,1194,1253,1315,1380,1448,1520,1596,1675,1758,1845,1937,2033,2134,2240,2351,2468,2591,2720,2856,2998,3147,3304,3469,3642,3824,4015,4215,4425,4646,4878,5121,5377,5645,5927,6223,6534,6860,7202,7562,7940,8337,8753,9190,9649,10131,10637,11168,11726,12312,12927,13573,14251,14963,15711,16496,17320,18186,19095,20049,21051,22103,23208,24368,25586,26865,28208,29618,31098,32652,34284,35998,37797,39686,41670,43753,45940,48236,50647,53179,55837,58628,61559,64636,67867,71260,74822,78563,82491,86615,90945,95492,100266,105279,110542,116069,121872,127965,134363,141081,148135,155541,163318,171483,180057,189059,198511,208436,218857,229799,241288,253352,266019,279319,293284,307948,323345,339512,356487,374311,393026,412677,433310,454975,477723,501609,526689,553023,580674,609707,640192,672201,705811,741101,778156,817063,857916,900811,945851,993143,1042800,1094940,1149687,1207171,1267529,1330905,1397450,1467322,1540688,1617722,1698608,1783538,1872714,1966349,2064666,2167899,2276293,2390107,2509612,2635092,2766846,2905188,3050447,3202969,3363117,3531272,3707835,3893226,4087887,4292281,4506895,4732239,4968850,5217292,5478156,5752063,6039666,6341649,6658731,6991667,7341250,7708312,8093727,8498413,8923333,9369499,9837973,10329871,10846364,11388682,11958116,12556021,13183822,13843013,14535163,15261921,16025017,16826267,17667580,18550958,19478505,20452430,21475051,22548803,23676243,24860055,26103057,27408209,28778619,30217549,31728426,33314847,34980589,36729618,38566098,40494402,42519122,44645078,46877331,49221197],