{"SERIAL": {"x": [1, 2, 3, 4, 5, 6, 7, 8, 9, 10, 11, 12], "y": [18003.177283, 18003.177283, 18003.177283, 18003.177283, 18003.177283, 18003.177283, 18003.177283, 18003.177283, 18003.177283, 18003.177283, 18003.177283, 18003.177283], "extra": [18.0, 18.0, 18.0, 18.0, 18.0, 18.0, 18.0, 18.0, 18.0, 18.0, 18.0, 18.0]}, "TASK_PARALLEL": {"x": [1, 2, 3, 4, 5, 6, 7, 8, 9, 10, 11, 12], "y": [18003.6160674, 12002.898295, 10002.328242, 9002.149734999999, 9002.5906734, 9002.3395454, 9002.344275200001, 9002.8685236, 9002.6716072, 9003.1475726, 9003.1149342, 9007.40788], "extra": [18.0, 10.0, 7.8, 6.4, 6.6, 6.8, 6.4, 5.0, 5.2, 5.8, 6.0, 4.4]}, "TASK_PARALLEL_OPTIMIZED": {"x": [1, 2, 3, 4, 5, 6, 7, 8, 9, 10, 11, 12], "y": [18003.5748604, 10002.432694, 7002.111045199999, 6001.7352312, 6001.803673, 5002.018649600001, 5001.979830599999, 5002.04817, 5002.054091, 4005.5840722000003, 4002.4852472, 4007.8842971999998], "extra": [18.0, 10.0, 7.0, 6.0, 6.0, 5.0, 5.0, 5.0, 5.0, 4.0, 4.0, 4.0]}}