{
"TASK_PARALLEL": {
    "x": [1, 2, 3, 4, 5, 6, 7, 8, 9, 10, 11, 12],
    "extra": 
    [9.639162166666667, 5.463122533333333, 4.371650933333333, 3.6464346666666665, 3.214483033333333, 3.2099916,
         3.2141069333333334, 3.3031163666666665, 3.1975114000000002, 3.3291248666666666, 3.3664395, 4.948003633333333],
    "y": [115.0, 59.06666666666667, 40.96666666666667, 31.133333333333333, 26.0, 22.666666666666668, 20.033333333333335,
    18.366666666666667, 16.933333333333334, 16.533333333333335, 16.5, 15.0]},
    
    "TASK_PARALLEL_OPTIMIZED": {"x": [1, 2, 3, 4, 5, 6, 7, 8, 9, 10, 11, 12], "extra": [9.395938066666666, 5.413846566666667, 4.104812900000001, 3.4729615333333332, 3.1791072, 3.1348824, 2.850662766666667, 2.881472066666667, 2.8550804, 2.943187266666667, 3.086712566666667, 3.436323166666667], "y": [115.0, 59.3, 40.666666666666664, 30.833333333333332, 25.5, 21.3, 18.666666666666668, 16.533333333333335, 15.1, 14.4, 13.933333333333334, 13.533333333333333]}}